,Date,BTC price [USD],Volume BTC,Gold price[USD],Oil WTI price[USD],SP500 close index,BTC n-transactions,BTC google search interest,VIX Close
0,2014-12-01,370.0,0.06,1332.5,68.98,2053.44,79098.0,3,14.29
1,2014-12-02,378.0,15.01,1314.7,66.99,2066.55,99419.0,3,12.85
2,2014-12-03,378.0,0.55,1325.8,67.3,2074.33,99419.0,3,12.47
3,2014-12-04,377.1,0.01,1324.2,66.73,2071.92,99419.0,3,12.38
4,2014-12-05,377.1,0.0,1310.8,65.89,2075.37,90900.0,3,11.82
5,2014-12-08,375.0,0.24,1314.4,63.13,2060.31,90746.0,3,14.21
6,2014-12-09,375.0,0.0,1350.2,63.74,2059.82,90746.0,3,14.89
7,2014-12-10,360.5,0.02,1345.5,60.99,2026.14,90746.0,3,18.53
8,2014-12-11,360.5,0.0,1342.3,60.01,2035.33,84005.0,3,20.08
9,2014-12-12,350.0,3.15,1333.5,57.81,2002.33,84005.0,3,21.08
10,2014-12-15,350.0,0.0,1317.7,55.96,1989.63,79703.0,3,20.42
11,2014-12-16,350.0,0.0,1302.0,55.97,1972.74,79703.0,3,23.57
12,2014-12-17,350.0,0.0,1302.3,56.43,2012.89,98444.0,3,19.44
13,2014-12-18,340.0,2.0,1303.9,54.18,2061.23,98444.0,3,16.81
14,2014-12-19,340.0,0.0,1305.6,56.91,2070.65,98444.0,3,16.49
15,2014-12-22,340.0,0.0,1289.7,55.25,2078.54,86901.0,3,15.25
16,2014-12-23,340.0,0.0,1289.7,56.78,2082.17,99469.0,3,14.8
17,2014-12-24,340.0,0.0,1285.6,55.7,2081.88,99469.0,3,14.37
18,2014-12-26,340.0,0.0,1307.7,54.59,2088.77,76198.0,3,14.5
19,2014-12-29,340.0,0.0,1292.9,53.46,2090.57,83447.0,3,15.06
20,2014-12-30,340.0,0.0,1311.9,54.14,2080.35,83447.0,3,15.92
21,2014-12-31,340.0,0.0,1295.4,53.45,2058.9,83447.0,3,19.2
22,2015-01-02,340.0,0.0,1297.7,52.72,2058.2,59344.0,3,17.79
23,2015-01-05,340.0,0.0,1313.5,50.05,2020.58,85694.0,3,19.92
24,2015-01-06,340.0,0.0,1322.2,47.98,2002.61,85694.0,3,21.12
25,2015-01-07,340.0,0.0,1313.6,48.69,2025.9,89916.0,3,19.31
26,2015-01-08,288.99,10.35,1311.6,48.8,2062.14,89916.0,3,17.01
27,2015-01-09,288.99,0.0,1317.4,48.35,2044.81,89916.0,3,17.55
28,2015-01-12,288.99,0.0,1333.2,46.06,2028.26,104874.0,3,19.6
29,2015-01-13,260.0,1.0,1334.5,45.92,2023.03,102309.0,3,20.56
30,2015-01-14,120.0,11.3,1324.5,48.49,2011.27,102309.0,3,21.48
31,2015-01-15,211.91,2.87,1352.8,46.37,1992.67,102309.0,3,22.39
32,2015-01-16,199.46,4.8,1364.9,48.49,2019.42,104699.0,3,20.95
33,2015-01-20,208.0,0.02,1377.4,46.79,2022.55,98485.0,3,19.89
34,2015-01-21,225.51,0.16,1378.4,47.85,2032.12,98485.0,3,18.85
35,2015-01-22,226.32,4.36,1390.2,45.93,2063.15,93698.0,3,16.4
36,2015-01-23,235.0,0.18,1382.6,45.26,2051.82,93698.0,3,16.66
37,2015-01-26,270.0,5152.24,1370.6,44.8,2057.09,86558.0,3,15.52
38,2015-01-27,262.69,1647.55,1379.7,45.84,2029.55,86558.0,3,17.22
39,2015-01-28,236.14,5160.3,1367.2,44.08,2002.16,85232.0,3,20.44
40,2015-01-29,234.52,6661.74,1328.8,44.12,2021.25,85232.0,3,18.76
41,2015-01-30,232.55,5699.69,1349.6,47.79,1994.99,85232.0,3,20.97
42,2015-02-02,237.79,7156.24,1347.4,49.25,2020.85,86312.0,3,19.43
43,2015-02-03,228.31,8565.02,1332.3,53.04,2050.03,91793.0,3,17.33
44,2015-02-04,226.5,9103.19,1263.8,48.45,2041.51,91793.0,3,18.33
45,2015-02-05,216.0,7522.28,1336.9,50.48,2062.52,91793.0,3,16.85
46,2015-02-06,222.82,5638.26,1314.6,51.66,2055.47,85705.0,3,17.29
47,2015-02-09,222.19,6525.33,1321.9,52.99,2046.74,104758.0,3,18.55
48,2015-02-10,220.84,5450.37,1313.2,50.06,2068.59,104758.0,3,17.23
49,2015-02-11,220.02,8877.19,1301.2,48.8,2068.53,104758.0,3,16.96
50,2015-02-12,222.45,7850.44,1300.7,51.17,2088.48,87427.0,3,15.34
51,2015-02-13,236.65,15260.16,1307.2,52.66,2096.99,87427.0,3,14.69
52,2015-02-17,244.0,16360.49,1291.9,53.56,2100.34,85267.0,3,15.8
53,2015-02-18,235.91,13453.31,1283.5,52.13,2099.68,105719.0,3,15.45
54,2015-02-19,242.42,9123.0,1288.9,51.12,2097.45,105719.0,3,15.29
55,2015-02-20,245.89,9809.26,1285.2,49.95,2110.3,105719.0,3,14.3
56,2015-02-23,239.69,9684.99,1280.7,49.56,2109.66,87827.0,3,14.56
57,2015-02-24,240.13,4506.86,1275.1,48.48,2115.48,105125.0,3,13.69
58,2015-02-25,238.45,4165.15,1278.0,50.25,2113.86,105125.0,3,13.84
59,2015-02-26,237.1,6798.2,1288.1,47.65,2110.74,105125.0,3,13.91
60,2015-02-27,255.96,20540.96,1291.4,49.84,2104.5,101474.0,3,13.34
61,2015-03-02,274.93,10027.14,1287.8,49.59,2117.39,104937.0,3,13.04
62,2015-03-03,282.42,19087.01,1286.2,50.43,2107.78,104937.0,3,13.86
63,2015-03-04,273.56,15023.6,1282.6,51.53,2098.53,104937.0,3,14.23
64,2015-03-05,277.12,11641.75,1278.1,50.76,2101.04,101115.0,3,14.04
65,2015-03-06,273.91,9963.67,1247.6,49.61,2071.26,101115.0,3,15.2
66,2015-03-09,290.23,13596.15,1250.0,49.95,2079.43,87527.0,3,15.06
67,2015-03-10,292.56,16279.83,1240.1,48.42,2044.16,87527.0,3,16.69
68,2015-03-11,296.63,9836.17,1230.4,48.06,2040.24,100765.0,3,16.87
69,2015-03-12,296.11,9501.1,1231.0,47.12,2065.95,100765.0,3,15.42
70,2015-03-13,287.0,11720.92,1230.9,44.88,2053.4,100765.0,3,16.0
71,2015-03-16,292.03,8819.7,1231.3,43.93,2081.19,89511.0,3,15.61
72,2015-03-17,286.87,7724.07,1226.5,43.39,2074.28,99561.0,3,15.66
73,2015-03-18,258.51,18277.12,1229.5,44.63,2099.5,99561.0,3,13.97
74,2015-03-19,263.28,16096.79,1241.5,44.02,2089.27,99561.0,3,14.07
75,2015-03-20,263.71,7552.27,1256.7,46.0,2108.1,103532.0,3,13.02
76,2015-03-23,265.61,13043.94,1259.5,47.4,2104.42,106019.0,3,13.41
77,2015-03-24,248.81,16427.45,1263.2,47.03,2091.5,106019.0,3,13.62
78,2015-03-25,247.0,12393.11,1269.3,48.75,2061.05,106019.0,3,15.44
79,2015-03-26,250.16,10837.76,1279.0,51.41,2056.15,101181.0,3,15.8
80,2015-03-27,248.68,8364.84,1273.9,48.83,2061.02,101181.0,3,15.07
81,2015-03-30,248.59,10852.73,1258.4,48.66,2086.24,90516.0,3,14.51
82,2015-03-31,245.26,8179.65,1254.2,47.72,2067.89,90516.0,3,15.29
83,2015-04-01,247.25,9529.31,1276.2,50.12,2059.69,119343.0,2,15.11
84,2015-04-02,254.48,9077.69,1270.2,49.13,2066.96,119343.0,2,14.67
85,2015-04-06,257.57,7405.23,1287.4,52.08,2080.62,89651.0,2,14.74
86,2015-04-07,255.67,7307.56,1280.4,53.95,2076.33,108714.0,2,14.78
87,2015-04-08,246.65,7572.99,1273.1,50.44,2081.9,108714.0,2,13.98
88,2015-04-09,243.65,7620.34,1263.6,50.79,2091.18,108714.0,2,13.09
89,2015-04-10,235.86,11515.72,1275.3,51.63,2102.06,112826.0,2,12.58
90,2015-04-13,238.03,0.0,1269.8,51.95,2092.43,115407.0,2,13.94
91,2015-04-14,220.53,6154.67,1260.1,53.3,2095.84,115407.0,2,13.67
92,2015-04-15,223.88,8680.74,1268.5,56.25,2106.63,115407.0,2,12.84
93,2015-04-16,229.09,8410.1,1265.0,56.69,2104.99,99046.0,2,12.6
94,2015-04-17,223.5,7332.0,1270.1,55.71,2081.18,99046.0,2,13.89
95,2015-04-20,225.04,7263.87,1261.3,56.37,2100.4,91134.0,2,13.3
96,2015-04-21,234.91,9587.36,1271.1,55.58,2097.29,91134.0,2,13.25
97,2015-04-22,234.0,7535.02,1256.7,56.17,2107.96,111878.0,2,12.71
98,2015-04-23,235.49,6497.28,1264.0,56.59,2112.93,111878.0,2,12.48
99,2015-04-24,232.38,5241.44,1242.4,55.98,2117.69,111878.0,2,12.29
100,2015-04-27,227.2,11863.95,1271.2,55.56,2108.92,98465.0,2,13.12
101,2015-04-28,225.48,6931.74,1283.4,57.05,2114.76,113193.0,2,12.41
102,2015-04-29,225.91,6662.8,1282.0,58.55,2106.85,113193.0,2,13.39
103,2015-04-30,236.59,11339.46,1255.0,59.62,2085.51,113193.0,2,14.55
104,2015-05-01,234.01,9697.4,1248.1,59.1,2108.29,99560.0,2,12.7
105,2015-05-04,239.8,8777.83,1261.0,58.92,2114.49,104000.0,2,12.85
106,2015-05-05,236.18,8957.98,1270.2,60.38,2089.46,104000.0,2,14.31
107,2015-05-06,230.89,7817.31,1268.7,60.93,2080.15,104000.0,2,15.15
108,2015-05-07,237.91,8772.45,1260.5,58.99,2088.0,111125.0,2,15.13
109,2015-05-08,244.65,8466.61,1264.5,59.41,2116.1,111125.0,2,12.86
110,2015-05-11,242.81,6124.37,1259.3,59.23,2105.33,89409.0,2,13.85
111,2015-05-12,242.81,6291.95,1269.0,60.72,2099.12,89409.0,2,13.86
112,2015-05-13,237.56,10026.48,1294.2,60.5,2098.48,108858.0,2,13.76
113,2015-05-14,237.19,9610.34,1301.0,59.89,2121.1,108858.0,2,12.74
114,2015-05-15,237.84,9062.66,1300.9,59.73,2122.73,108858.0,2,12.38
115,2015-05-18,233.28,7083.69,1303.2,59.44,2129.2,90686.0,2,12.73
116,2015-05-19,232.4,6946.41,1283.4,57.3,2127.83,107346.0,2,12.85
117,2015-05-20,234.25,7040.85,1285.5,58.96,2125.85,107346.0,2,12.88
118,2015-05-21,235.72,6111.71,1280.1,60.18,2130.82,107346.0,2,12.11
119,2015-05-22,240.34,7718.5,1281.7,58.88,2126.06,102770.0,2,12.13
120,2015-05-26,237.61,5950.51,1264.2,57.29,2104.2,106086.0,2,14.06
121,2015-05-27,237.74,6631.62,1262.6,57.51,2123.48,106086.0,2,13.27
122,2015-05-28,236.8,6001.17,1264.5,57.69,2120.79,110980.0,2,13.31
123,2015-05-29,236.94,6340.64,1264.7,60.25,2107.39,110980.0,2,13.84
124,2015-06-01,223.6,10155.63,1264.4,60.24,2111.73,98784.0,2,13.97
125,2015-06-02,225.25,8919.25,1271.8,61.3,2109.6,98784.0,2,14.24
126,2015-06-03,225.57,6835.7,1263.9,59.67,2114.07,127600.0,2,13.66
127,2015-06-04,224.31,6027.74,1254.1,58.0,2095.84,127600.0,2,14.71
128,2015-06-05,225.33,6580.07,1250.6,59.11,2092.83,127600.0,2,14.21
129,2015-06-08,229.02,6883.72,1256.0,58.15,2079.28,92696.0,2,15.29
130,2015-06-09,229.74,6386.51,1260.8,60.15,2080.15,121638.0,2,14.47
131,2015-06-10,228.67,5957.23,1272.6,61.36,2105.2,121638.0,2,13.22
132,2015-06-11,229.62,5631.46,1266.6,60.74,2108.86,121638.0,2,12.85
133,2015-06-12,230.26,5860.99,1265.0,59.96,2094.11,126945.0,2,13.78
134,2015-06-15,237.47,5868.17,1269.8,59.53,2084.43,129389.0,2,15.39
135,2015-06-16,251.93,10379.93,1263.4,60.01,2096.29,129389.0,2,14.81
136,2015-06-17,248.37,10011.16,1260.9,59.89,2100.44,129389.0,2,14.5
137,2015-06-18,248.93,9547.55,1284.8,60.41,2121.24,124929.0,2,13.19
138,2015-06-19,245.56,29810.11,1283.4,59.62,2109.99,124929.0,2,13.96
139,2015-06-22,247.75,5446.03,1266.1,60.01,2122.85,96654.0,2,12.74
140,2015-06-23,244.07,5335.17,1258.8,61.05,2124.2,96654.0,2,12.11
141,2015-06-24,240.89,5316.52,1255.0,60.01,2108.58,113093.0,2,13.26
142,2015-06-25,242.14,5700.06,1254.3,59.59,2102.31,113093.0,2,14.01
143,2015-06-26,243.0,6548.17,1257.1,59.41,2101.49,113093.0,2,14.02
144,2015-06-29,257.57,10217.24,1262.0,58.34,2057.64,106004.0,2,18.85
145,2015-06-30,264.94,11626.26,1254.8,59.48,2063.11,155869.0,2,18.23
146,2015-07-01,257.97,8150.38,1252.5,56.94,2077.42,155869.0,3,16.09
147,2015-07-02,255.22,6288.44,1245.5,56.93,2076.78,155869.0,3,16.79
148,2015-07-06,270.41,9928.97,1254.6,52.48,2068.76,174070.0,3,17.01
149,2015-07-07,267.19,7114.39,1233.5,52.33,2081.34,174070.0,3,16.09
150,2015-07-08,270.64,7744.93,1242.6,51.61,2046.68,174070.0,3,19.66
151,2015-07-09,270.21,6928.7,1239.1,52.76,2051.31,191163.0,3,19.97
152,2015-07-10,286.85,15760.0,1240.6,52.74,2076.62,191163.0,3,16.83
153,2015-07-13,292.35,13000.28,1155.2,52.19,2099.6,208685.0,3,13.9
154,2015-07-14,288.2,7147.48,1236.4,53.05,2108.95,208685.0,3,13.37
155,2015-07-15,285.22,7261.97,1230.3,51.4,2107.4,115570.0,3,13.23
156,2015-07-16,278.71,8771.75,1227.2,50.9,2124.29,115570.0,3,12.11
157,2015-07-17,279.95,6840.84,1214.7,50.88,2126.64,115570.0,3,11.95
158,2015-07-20,278.7,5328.9,1189.5,50.11,2128.28,130695.0,3,12.25
159,2015-07-21,277.13,5033.72,1183.5,50.59,2119.21,133785.0,3,12.22
160,2015-07-22,277.5,4611.39,1171.6,49.27,2114.15,133785.0,3,12.12
161,2015-07-23,276.91,5347.51,1174.1,48.11,2102.15,133785.0,3,12.64
162,2015-07-24,289.48,7203.81,1164.0,47.98,2079.65,109918.0,3,13.74
163,2015-07-27,294.44,6418.82,1174.6,47.17,2067.64,115226.0,3,15.6
164,2015-07-28,295.73,5707.1,1174.6,47.97,2093.25,115226.0,3,13.44
165,2015-07-29,289.53,5211.42,1171.5,48.77,2108.57,115226.0,3,12.5
166,2015-07-30,288.25,5218.19,1167.4,48.53,2108.63,123577.0,3,12.13
167,2015-07-31,284.68,5615.32,1167.1,47.11,2103.84,123577.0,3,12.12
168,2015-08-03,281.63,4624.02,1160.8,45.25,2098.04,103600.0,3,12.56
169,2015-08-04,285.31,5556.91,1162.7,45.75,2093.32,103600.0,3,13.0
170,2015-08-05,282.24,5847.36,1161.1,45.13,2099.84,133758.0,3,12.51
171,2015-08-06,279.91,5000.88,1165.6,44.69,2083.56,133758.0,3,13.77
172,2015-08-07,279.54,5192.8,1169.8,43.87,2077.57,133758.0,3,13.39
173,2015-08-10,265.18,5324.47,1179.8,44.94,2104.18,101512.0,3,12.23
174,2015-08-11,271.2,5878.03,1181.7,43.11,2084.07,114741.0,3,13.71
175,2015-08-12,269.43,6217.22,1197.0,43.22,2086.05,114741.0,3,13.61
176,2015-08-13,264.92,5434.23,1189.1,42.27,2083.39,114741.0,3,13.49
177,2015-08-14,266.52,6897.74,1186.3,42.45,2091.54,111255.0,3,12.83
178,2015-08-17,258.49,6761.14,1191.9,41.93,2102.44,115049.0,3,13.02
179,2015-08-18,247.43,8204.81,1190.3,42.58,2096.92,115049.0,3,13.79
180,2015-08-19,227.84,16696.31,1201.1,40.75,2079.61,115049.0,3,15.25
181,2015-08-20,235.49,8940.0,1226.2,41.0,2035.73,118230.0,3,19.14
182,2015-08-21,233.71,7878.14,1230.8,40.45,1970.89,118230.0,3,28.03
183,2015-08-24,213.38,16138.49,1222.9,38.22,1893.21,94529.0,3,40.74
184,2015-08-25,223.58,20002.92,1207.7,39.15,1867.61,94529.0,3,36.02
185,2015-08-26,226.35,9739.46,1193.0,38.5,1940.51,122852.0,3,30.32
186,2015-08-27,224.34,7938.43,1191.2,42.47,1987.66,122852.0,3,26.1
187,2015-08-28,233.4,9005.75,1202.4,45.29,1988.87,122852.0,3,26.05
188,2015-08-31,231.12,6705.52,1200.9,49.2,1972.18,107489.0,3,28.43
189,2015-09-01,227.6,8594.57,1205.3,45.38,1913.85,130410.0,2,31.4
190,2015-09-02,229.39,7477.0,1198.4,46.3,1948.86,130410.0,2,26.09
191,2015-09-03,226.83,6712.57,1187.5,46.75,1951.13,130410.0,2,25.61
192,2015-09-04,231.61,7020.27,1184.5,46.02,1921.22,103973.0,2,27.8
193,2015-09-08,244.15,8264.99,1183.9,45.92,1969.41,125467.0,2,24.9
194,2015-09-09,238.72,6800.15,1164.7,44.13,1942.04,125467.0,2,26.23
195,2015-09-10,238.33,5822.01,1171.9,45.85,1952.29,124951.0,2,24.37
196,2015-09-11,241.04,5807.8,1165.9,44.75,1961.05,124951.0,2,23.2
197,2015-09-14,231.01,7961.8,1169.7,44.07,1953.03,146048.0,2,24.25
198,2015-09-15,230.36,6953.11,1164.5,44.58,1978.09,146048.0,2,22.54
199,2015-09-16,229.2,7866.47,1180.3,47.12,1995.31,167269.0,2,21.35
200,2015-09-17,233.17,7532.78,1178.9,46.93,1990.2,167269.0,2,21.14
201,2015-09-18,233.19,4579.73,1198.2,44.71,1958.03,167269.0,2,22.28
202,2015-09-21,227.0,7630.98,1193.5,46.67,1966.97,114851.0,2,20.14
203,2015-09-22,230.61,8827.76,1183.7,46.17,1942.74,136784.0,2,22.44
204,2015-09-23,230.1,6307.83,1190.4,44.53,1938.76,136784.0,2,22.13
205,2015-09-24,235.6,9095.34,1211.0,44.94,1932.24,136784.0,2,23.47
206,2015-09-25,235.76,6468.71,1202.9,45.55,1931.34,128166.0,2,23.62
207,2015-09-28,240.42,7962.86,1188.5,44.4,1881.77,138570.0,2,27.63
208,2015-09-29,237.78,6880.33,1183.2,45.24,1884.09,138570.0,2,26.83
209,2015-09-30,237.13,5549.05,1167.7,45.06,1920.03,138570.0,2,24.5
210,2015-10-01,238.54,5670.97,1166.2,44.75,1923.82,134327.0,2,22.55
211,2015-10-02,237.99,5947.95,1188.3,45.54,1951.36,134327.0,2,20.94
212,2015-10-05,240.7,7420.58,1187.6,46.28,1987.05,103531.0,2,19.54
213,2015-10-06,246.83,9347.01,1195.4,48.53,1979.92,103531.0,2,19.4
214,2015-10-07,243.64,9035.05,1198.1,47.86,1995.83,134931.0,2,18.4
215,2015-10-08,243.38,5358.51,1194.0,49.46,2013.43,134931.0,2,17.42
216,2015-10-09,244.46,4999.71,1206.5,49.67,2014.89,134931.0,2,17.08
217,2015-10-12,246.29,5328.43,1215.2,47.09,2017.46,127005.0,2,16.17
218,2015-10-13,250.37,6471.08,1215.8,46.7,2003.69,134878.0,2,17.67
219,2015-10-14,253.22,7542.42,1227.7,46.63,1994.24,134878.0,2,18.03
220,2015-10-15,254.64,6623.1,1235.5,46.38,2023.86,134878.0,2,16.05
221,2015-10-16,263.0,9104.56,1230.7,47.3,2033.11,143286.0,2,15.05
222,2015-10-19,264.81,5238.97,1220.4,45.91,2033.66,143969.0,2,14.98
223,2015-10-20,271.14,4652.97,1225.0,45.84,2030.77,143969.0,2,15.75
224,2015-10-21,269.16,6098.22,1213.8,45.22,2018.94,143969.0,2,16.7
225,2015-10-22,275.92,8714.9,1212.3,44.9,2052.51,147402.0,2,14.45
226,2015-10-23,278.07,7054.48,1208.3,43.91,2075.15,147402.0,2,14.46
227,2015-10-26,286.75,7565.99,1209.9,43.19,2071.18,131488.0,2,15.29
228,2015-10-27,295.88,10888.35,1207.8,43.21,2065.89,131488.0,2,15.43
229,2015-10-28,303.75,16005.21,1218.9,45.93,2090.35,160175.0,2,14.33
230,2015-10-29,315.68,12145.79,1191.4,46.02,2089.41,160175.0,2,14.61
231,2015-10-30,329.97,16267.3,1184.8,46.6,2079.36,160175.0,2,15.07
232,2015-11-02,363.97,19347.78,1180.0,46.12,2104.05,155400.0,3,14.15
233,2015-11-03,399.49,40259.65,1158.2,47.88,2109.79,186362.0,3,14.54
234,2015-11-04,398.09,49326.81,1150.8,46.32,2102.31,186362.0,3,15.51
235,2015-11-05,384.2,27216.75,1149.7,45.27,2099.93,186362.0,3,15.05
236,2015-11-06,371.37,20222.01,1137.5,44.32,2099.2,166893.0,3,14.33
237,2015-11-09,381.0,10839.36,1138.8,43.87,2078.58,159836.0,3,16.52
238,2015-11-10,338.46,16387.91,1139.0,44.23,2081.72,159836.0,3,15.29
239,2015-11-11,307.54,17757.39,1135.0,42.95,2075.0,159836.0,3,16.06
240,2015-11-12,336.19,15695.79,1130.9,41.74,2045.97,157847.0,3,18.37
241,2015-11-13,335.0,10519.03,1130.9,40.69,2023.04,157847.0,3,20.08
242,2015-11-16,332.1,7340.55,1132.1,41.68,2053.19,143369.0,3,18.16
243,2015-11-17,336.0,7247.61,1116.5,40.73,2050.44,143369.0,3,18.84
244,2015-11-18,336.59,5173.52,1116.5,40.75,2083.58,165269.0,3,16.85
245,2015-11-19,325.5,6700.81,1125.2,40.55,2081.24,165269.0,3,16.99
246,2015-11-20,321.85,9224.03,1123.4,39.39,2089.17,165269.0,3,15.47
247,2015-11-23,323.01,4748.68,1114.3,39.27,2086.59,151035.0,3,15.62
248,2015-11-24,319.49,5194.49,1121.2,40.89,2089.14,152324.0,3,15.93
249,2015-11-25,328.07,7794.68,1118.0,41.22,2088.87,152324.0,3,15.19
250,2015-11-27,359.99,7373.93,1104.1,40.57,2090.11,160235.0,3,15.12
251,2015-11-30,378.23,11431.2,1113.5,40.43,2080.41,182648.0,3,16.13
252,2015-12-01,362.56,9357.22,1111.6,40.58,2102.63,182648.0,3,14.67
253,2015-12-02,360.23,8231.07,1102.0,39.93,2079.51,182648.0,3,15.91
254,2015-12-03,361.33,7200.93,1110.2,41.08,2049.62,164774.0,3,18.11
255,2015-12-04,363.25,5828.13,1132.8,40.0,2091.69,164774.0,3,14.81
256,2015-12-07,395.28,7450.8,1123.9,37.64,2077.07,179712.0,3,15.84
257,2015-12-08,409.2,6706.2,1123.6,37.46,2063.59,179712.0,3,17.6
258,2015-12-09,417.44,14296.19,1124.5,37.16,2047.62,220323.0,3,19.61
259,2015-12-10,416.18,6848.2,1119.9,36.76,2052.23,220323.0,3,19.34
260,2015-12-11,451.34,13066.6,1123.4,35.65,2012.37,220323.0,3,24.39
261,2015-12-14,441.98,160540.99,1111.0,36.31,2021.94,204141.0,3,22.73
262,2015-12-15,463.64,10524.31,1109.4,37.32,2043.41,223998.0,3,20.95
263,2015-12-16,453.63,35969.03,1124.9,35.55,2073.07,223998.0,3,17.86
264,2015-12-17,455.5,6187.21,1097.7,34.98,2041.89,223998.0,3,18.94
265,2015-12-18,462.5,4930.71,1112.9,34.72,2005.55,213847.0,3,20.7
266,2015-12-21,436.61,6840.03,1130.1,34.55,2021.15,229444.0,3,18.7
267,2015-12-22,434.88,6466.68,1123.6,36.12,2038.97,229444.0,3,16.6
268,2015-12-23,443.77,7455.28,1117.8,36.76,2064.29,229444.0,3,15.57
269,2015-12-24,456.0,7020.69,1125.5,37.62,2060.99,210228.0,3,15.74
270,2015-12-28,421.28,6864.21,1117.7,36.36,2056.5,160271.0,3,16.91
271,2015-12-29,432.59,6013.97,1118.2,37.88,2078.36,160271.0,3,16.08
272,2015-12-30,428.2,5066.16,1110.4,36.59,2063.36,176447.0,3,17.29
273,2015-12-31,430.12,6396.83,1110.6,37.13,2043.94,176447.0,3,18.21
274,2016-01-04,433.42,5836.26,1125.3,36.81,2012.66,149038.0,3,20.7
275,2016-01-05,432.67,5120.61,1128.2,35.97,2016.71,182371.0,3,19.34
276,2016-01-06,432.44,5369.1,1141.7,33.97,1990.26,182371.0,3,20.59
277,2016-01-07,458.49,12531.7,1152.5,33.29,1943.09,182371.0,3,24.99
278,2016-01-08,454.06,9564.11,1141.8,33.2,1922.03,181407.0,3,27.01
279,2016-01-11,449.33,5572.68,1138.6,31.42,1923.67,191196.0,3,24.3
280,2016-01-12,446.57,5739.9,1127.2,30.42,1938.68,191196.0,3,22.47
281,2016-01-13,432.68,9754.5,1127.5,30.42,1890.28,191196.0,3,25.22
282,2016-01-14,429.69,5499.3,1113.1,31.22,1921.84,183182.0,3,23.95
283,2016-01-15,373.43,27319.74,1127.6,29.45,1880.33,183182.0,3,27.02
284,2016-01-19,375.96,8030.16,1125.9,28.47,1881.33,204128.0,3,26.05
285,2016-01-20,413.88,13499.26,1141.8,26.68,1859.33,209071.0,3,27.59
286,2016-01-21,408.97,9143.04,1133.7,29.55,1868.99,209071.0,3,26.69
287,2016-01-22,383.01,13321.19,1132.7,32.07,1906.9,209071.0,3,22.34
288,2016-01-25,392.91,6384.0,1142.5,30.31,1877.08,190400.0,3,24.15
289,2016-01-26,389.21,6856.0,1157.4,29.54,1903.63,230523.0,3,22.5
290,2016-01-27,394.93,6264.62,1154.0,32.32,1882.95,230523.0,3,23.11
291,2016-01-28,379.96,8864.29,1153.8,33.21,1893.36,230523.0,3,22.42
292,2016-01-29,379.39,11940.43,1152.0,33.66,1940.24,224394.0,3,20.2
293,2016-02-01,370.62,8101.5,1163.6,31.62,1939.38,222398.0,3,19.98
294,2016-02-02,372.85,6889.93,1161.6,29.9,1903.03,222398.0,3,21.98
295,2016-02-03,367.0,6937.95,1174.8,32.29,1912.53,222398.0,3,21.65
296,2016-02-04,390.08,8968.44,1189.2,31.63,1915.45,200661.0,3,21.84
297,2016-02-05,384.46,7303.25,1189.5,30.86,1880.05,200661.0,3,23.38
298,2016-02-08,370.68,7080.05,1229.7,29.71,1853.44,212190.0,3,26.0
299,2016-02-09,372.9,8438.16,1228.4,27.96,1852.21,212190.0,3,26.54
300,2016-02-10,378.56,9666.55,1224.1,27.54,1851.86,235527.0,3,26.29
301,2016-02-11,376.89,10074.12,1273.6,26.19,1829.08,235527.0,3,28.14
302,2016-02-12,381.97,6215.18,1262.7,29.32,1864.78,235527.0,3,25.4
303,2016-02-16,406.89,5323.92,1232.6,29.05,1895.58,215940.0,3,24.11
304,2016-02-17,416.26,8502.56,1238.7,30.68,1926.82,215940.0,3,22.31
305,2016-02-18,421.32,6479.33,1254.0,30.77,1917.83,215940.0,3,21.64
306,2016-02-19,419.06,5578.81,1258.9,29.59,1917.78,217436.0,3,20.53
307,2016-02-22,436.9,4932.6,1238.2,31.37,1945.5,237696.0,3,19.38
308,2016-02-23,420.03,9076.31,1252.9,31.84,1921.27,237696.0,3,20.98
309,2016-02-24,422.79,6934.44,1268.6,30.35,1929.8,237696.0,3,20.72
310,2016-02-25,423.75,6142.27,1268.5,31.4,1951.7,216290.0,3,19.11
311,2016-02-26,427.5,6217.74,1250.3,31.65,1948.05,216290.0,3,19.81
312,2016-02-29,436.45,7535.1,1264.8,32.74,1932.23,233436.0,3,20.55
313,2016-03-01,432.4,7349.19,1262.7,34.39,1978.35,233436.0,3,17.7
314,2016-03-02,423.69,6890.75,1274.5,34.57,1986.45,270206.0,3,17.09
315,2016-03-03,418.82,12228.78,1292.2,34.56,1993.4,270206.0,3,16.7
316,2016-03-04,408.93,8492.44,1307.1,35.91,1999.99,270206.0,3,16.86
317,2016-03-07,415.43,9434.21,1301.8,37.9,2001.76,234992.0,3,17.35
318,2016-03-08,411.23,7850.91,1300.5,36.67,1979.26,200298.0,3,18.67
319,2016-03-09,412.83,5410.66,1294.9,37.62,1989.26,200298.0,3,18.34
320,2016-03-10,416.24,7970.87,1311.6,37.77,1989.57,200298.0,3,18.05
321,2016-03-11,418.81,7040.51,1300.1,38.51,2022.19,189816.0,3,16.5
322,2016-03-14,414.01,6549.22,1285.9,37.2,2019.64,191341.0,3,16.92
323,2016-03-15,414.65,7532.52,1271.7,36.32,2015.93,191341.0,3,16.84
324,2016-03-16,415.93,6308.13,1272.4,38.43,2027.22,191341.0,3,14.99
325,2016-03-17,418.5,6120.06,1305.6,40.17,2040.59,208319.0,3,14.44
326,2016-03-18,409.96,8382.0,1293.5,39.47,2049.58,208319.0,3,14.02
327,2016-03-21,411.38,6084.87,1284.2,39.91,2051.6,178143.0,3,13.79
328,2016-03-22,416.42,6117.22,1290.3,41.45,2049.8,178143.0,3,14.17
329,2016-03-23,417.3,5342.24,1265.5,38.28,2036.71,186808.0,3,14.94
330,2016-03-24,413.76,4794.87,1263.9,38.14,2035.94,186808.0,3,14.74
331,2016-03-28,422.42,5492.02,1262.2,37.99,2037.05,159049.0,3,15.24
332,2016-03-29,416.5,7317.48,1277.8,36.91,2055.01,197409.0,3,13.82
333,2016-03-30,412.5,5765.16,1268.4,36.91,2063.95,197409.0,3,13.56
334,2016-03-31,416.44,5344.55,1272.4,36.94,2059.74,197409.0,3,13.95
335,2016-04-01,417.33,5212.94,1260.4,35.36,2072.78,211922.0,3,13.1
336,2016-04-04,419.31,5277.54,1256.2,34.3,2066.13,208929.0,3,14.12
337,2016-04-05,422.18,5604.98,1266.0,34.52,2045.17,208929.0,3,15.42
338,2016-04-06,421.57,5243.72,1260.3,37.74,2066.66,208929.0,3,14.09
339,2016-04-07,421.58,4917.13,1273.8,37.3,2041.91,218463.0,3,16.16
340,2016-04-08,418.97,6506.86,1278.8,39.74,2047.6,218463.0,3,15.36
341,2016-04-11,423.28,5009.04,1293.9,40.46,2041.99,186954.0,3,16.26
342,2016-04-12,428.27,6812.33,1297.9,42.12,2061.72,186954.0,3,14.85
343,2016-04-13,425.53,5787.14,1285.4,41.7,2082.42,223506.0,3,13.84
344,2016-04-14,426.1,4617.53,1263.6,41.45,2082.78,223506.0,3,13.72
345,2016-04-15,430.92,4175.37,1271.2,40.4,2080.73,223506.0,3,13.62
346,2016-04-18,429.57,139.8,1271.8,39.74,2094.34,182004.0,3,13.35
347,2016-04-19,436.87,6212.91,1292.3,40.88,2100.8,226511.0,3,13.24
348,2016-04-20,442.85,7114.19,1293.8,42.72,2102.4,226511.0,3,13.28
349,2016-04-21,452.65,7531.59,1291.0,43.18,2091.48,226511.0,3,13.95
350,2016-04-22,448.29,6870.06,1270.3,42.76,2091.58,210976.0,3,13.22
351,2016-04-25,467.41,9306.65,1280.6,41.67,2087.79,217564.0,3,14.08
352,2016-04-26,470.37,7344.64,1283.9,42.52,2091.7,217564.0,3,13.96
353,2016-04-27,446.85,10691.12,1291.3,45.29,2095.15,217564.0,3,13.77
354,2016-04-28,451.3,7939.68,1308.1,46.03,2075.81,247957.0,3,15.22
355,2016-04-29,457.74,5909.5,1332.7,45.98,2065.3,247957.0,3,15.7
356,2016-05-02,445.61,7490.69,1338.6,44.75,2081.43,191430.0,4,14.68
357,2016-05-03,452.68,5775.57,1334.1,43.65,2063.37,191430.0,4,15.6
358,2016-05-04,449.06,4753.32,1315.6,43.77,2051.12,233691.0,4,16.05
359,2016-05-05,450.39,5325.87,1311.1,44.33,2050.63,233691.0,4,15.91
360,2016-05-06,462.87,6193.93,1333.4,44.58,2057.14,233691.0,4,14.72
361,2016-05-09,464.24,5737.41,1306.2,43.45,2058.69,202062.0,4,14.57
362,2016-05-10,452.92,4304.4,1304.6,44.68,2084.39,245721.0,4,13.63
363,2016-05-11,454.46,4844.47,1315.9,46.21,2064.46,245721.0,4,14.69
364,2016-05-12,455.83,6050.97,1311.0,46.64,2064.11,245721.0,4,14.41
365,2016-05-13,457.49,5241.18,1312.8,46.22,2046.61,232146.0,4,15.04
366,2016-05-16,456.78,5923.76,1315.1,47.72,2066.66,239809.0,4,14.68
367,2016-05-17,453.62,5953.21,1318.2,48.29,2047.21,239809.0,4,15.57
368,2016-05-18,455.19,5391.97,1317.6,48.12,2047.63,239809.0,4,15.95
369,2016-05-19,442.41,7798.06,1299.2,48.16,2040.04,219145.0,4,16.33
370,2016-05-20,444.27,7675.16,1299.2,47.67,2052.32,219145.0,4,15.2
371,2016-05-23,444.88,5542.63,1298.2,48.12,2048.04,184348.0,4,15.82
372,2016-05-24,446.5,6001.0,1276.0,48.04,2076.06,184348.0,4,14.42
373,2016-05-25,451.78,6037.6,1270.7,49.1,2090.54,247841.0,4,13.9
374,2016-05-26,454.68,5587.71,1266.9,49.0,2090.1,247841.0,4,13.43
375,2016-05-27,470.94,9644.73,1260.9,49.36,2099.06,247841.0,4,13.12
376,2016-05-31,531.47,8448.61,1262.6,49.1,2096.95,215249.0,4,14.19
377,2016-06-01,536.99,5478.68,1260.5,49.07,2099.33,215249.0,5,14.2
378,2016-06-02,538.53,6248.35,1258.2,49.14,2105.26,215249.0,5,13.63
379,2016-06-03,570.0,10135.11,1287.9,48.69,2099.13,234669.0,5,13.47
380,2016-06-06,585.99,6635.45,1292.7,49.71,2109.41,221171.0,5,13.65
381,2016-06-07,579.33,9110.13,1292.1,50.37,2112.13,221171.0,5,14.05
382,2016-06-08,583.23,5751.01,1307.3,51.23,2119.12,221171.0,5,14.08
383,2016-06-09,578.56,4719.51,1317.7,50.52,2115.48,236353.0,5,14.64
384,2016-06-10,579.5,5432.41,1321.0,49.09,2096.07,236353.0,5,17.03
385,2016-06-13,706.0,15500.22,1331.6,48.89,2079.06,210711.0,5,20.97
386,2016-06-14,684.9,12050.21,1329.1,48.49,2075.32,210711.0,5,20.5
387,2016-06-15,694.83,7656.06,1329.2,47.92,2071.5,259202.0,5,20.14
388,2016-06-16,770.21,16649.33,1339.8,46.14,2077.99,259202.0,5,19.37
389,2016-06-17,753.0,13928.19,1337.1,48.0,2071.22,259202.0,5,19.41
390,2016-06-20,730.42,9099.01,1337.7,49.4,2083.25,235317.0,5,18.37
391,2016-06-21,669.99,25171.26,1318.1,48.95,2088.9,248164.0,5,18.48
392,2016-06-22,594.68,14351.89,1315.6,49.16,2085.45,248164.0,5,21.17
393,2016-06-23,630.87,21194.12,1311.2,49.34,2113.32,248164.0,5,17.25
394,2016-06-24,668.6,18903.55,1370.3,46.7,2037.41,237625.0,5,25.76
395,2016-06-27,650.31,6616.65,1372.3,45.8,2000.54,217029.0,5,23.85
396,2016-06-28,647.63,5798.99,1365.7,47.93,2036.09,217029.0,5,18.75
397,2016-06-29,639.22,6421.22,1374.9,49.85,2070.77,217029.0,5,16.64
398,2016-06-30,672.45,7731.39,1368.5,48.27,2098.86,231960.0,5,15.63
399,2016-07-01,680.61,6673.16,1387.8,49.02,2102.95,231960.0,3,14.77
400,2016-07-05,668.45,5141.85,1407.9,46.73,2088.55,177127.0,3,15.58
401,2016-07-06,678.0,5543.33,1416.3,47.37,2099.73,214691.0,3,14.96
402,2016-07-07,640.3,12156.93,1409.3,45.22,2097.9,214691.0,3,14.76
403,2016-07-08,666.5,10981.41,1406.3,45.37,2129.9,214691.0,3,13.2
404,2016-07-11,651.7,4630.65,1405.6,44.73,2137.16,185405.0,3,13.54
405,2016-07-12,674.02,10423.17,1385.0,46.82,2152.14,219034.0,3,13.55
406,2016-07-13,662.57,21618.43,1393.3,44.87,2152.43,219034.0,3,13.04
407,2016-07-14,661.41,4955.76,1382.0,45.64,2163.75,219034.0,3,12.82
408,2016-07-15,668.28,4686.98,1377.8,45.93,2161.74,216081.0,3,12.67
409,2016-07-18,675.4,4582.8,1379.7,45.23,2166.89,222835.0,3,12.44
410,2016-07-19,673.89,3733.43,1384.9,44.64,2163.78,222835.0,3,11.97
411,2016-07-20,667.94,3486.04,1372.3,44.96,2173.02,222835.0,3,11.77
412,2016-07-21,667.73,3919.21,1384.8,43.96,2165.17,217606.0,3,12.74
413,2016-07-22,653.69,7254.06,1378.1,43.41,2175.03,217606.0,3,12.02
414,2016-07-25,657.39,3970.26,1373.9,42.4,2168.48,183890.0,3,12.87
415,2016-07-26,657.73,6215.23,1375.2,42.16,2169.18,183890.0,3,13.05
416,2016-07-27,657.04,5288.49,1384.1,41.9,2166.58,235603.0,3,12.83
417,2016-07-28,656.67,3888.88,1390.9,41.13,2170.06,235603.0,3,12.72
418,2016-07-29,657.27,4269.56,1407.8,41.54,2173.6,235603.0,3,11.87
419,2016-08-01,603.97,7951.79,1408.3,40.05,2170.84,199484.0,3,12.44
420,2016-08-02,515.38,14299.83,1421.5,39.5,2157.03,251098.0,3,13.37
421,2016-08-03,576.0,20710.53,1416.0,40.8,2163.79,251098.0,3,12.86
422,2016-08-04,585.0,9496.02,1420.0,41.92,2164.25,251098.0,3,12.42
423,2016-08-05,582.98,5558.28,1400.0,41.83,2182.87,228244.0,3,11.39
424,2016-08-08,591.91,3721.63,1397.4,43.06,2180.89,235295.0,3,11.5
425,2016-08-09,588.13,4827.98,1402.7,42.78,2181.74,235295.0,3,11.66
426,2016-08-10,593.24,9234.0,1407.7,41.75,2175.49,235295.0,3,12.05
427,2016-08-11,589.22,5030.02,1406.1,43.51,2185.79,254515.0,3,11.68
428,2016-08-12,587.82,3855.08,1398.9,44.47,2184.05,254515.0,3,11.55
429,2016-08-15,568.09,4407.58,1402.7,45.72,2190.15,200174.0,3,11.81
430,2016-08-16,581.97,4584.07,1411.1,46.57,2178.15,200174.0,3,12.64
431,2016-08-17,573.83,4431.2,1402.7,46.81,2182.22,238003.0,3,12.19
432,2016-08-18,573.99,3833.7,1411.2,48.2,2187.02,238003.0,3,11.43
433,2016-08-19,574.49,3838.87,1400.1,48.48,2183.87,238003.0,3,11.34
434,2016-08-22,585.12,4431.22,1397.3,46.8,2182.64,208224.0,3,12.27
435,2016-08-23,582.58,5095.11,1399.9,47.54,2186.9,239021.0,3,12.38
436,2016-08-24,578.92,3811.25,1382.5,46.29,2175.44,239021.0,3,13.45
437,2016-08-25,576.16,4119.58,1376.1,46.97,2172.47,239021.0,3,13.63
438,2016-08-26,578.89,3331.47,1375.3,47.64,2169.04,226767.0,3,13.65
439,2016-08-29,573.0,4541.78,1376.5,46.97,2180.38,225282.0,3,12.94
440,2016-08-30,574.79,4160.45,1366.6,46.32,2176.12,225282.0,3,13.12
441,2016-08-31,571.59,4385.72,1360.0,44.68,2170.95,225282.0,3,13.42
442,2016-09-01,571.96,5080.94,1364.9,43.17,2170.86,237466.0,3,13.48
443,2016-09-02,575.38,4869.74,1377.6,44.39,2179.98,237466.0,3,11.98
444,2016-09-06,612.37,4143.07,1403.4,44.85,2186.48,183244.0,3,12.02
445,2016-09-07,614.59,4593.72,1399.4,45.47,2186.16,250809.0,3,11.94
446,2016-09-08,628.77,5252.72,1392.5,47.63,2181.3,250809.0,3,12.51
447,2016-09-09,622.6,4453.85,1385.4,45.88,2127.81,250809.0,3,17.5
448,2016-09-12,607.48,3922.28,1376.7,46.28,2159.04,193320.0,3,15.16
449,2016-09-13,608.24,3853.46,1373.1,44.91,2127.02,239886.0,3,17.85
450,2016-09-14,608.95,3746.32,1375.6,43.62,2125.77,239886.0,3,18.14
451,2016-09-15,607.01,3809.3,1367.2,43.85,2147.26,239886.0,3,16.3
452,2016-09-16,607.75,4232.67,1359.4,43.04,2139.16,211128.0,3,15.37
453,2016-09-19,608.94,3011.09,1366.7,43.34,2139.12,223540.0,3,15.53
454,2016-09-20,608.98,4275.58,1367.1,43.85,2139.76,223540.0,3,15.92
455,2016-09-21,596.95,5205.29,1380.7,45.33,2163.12,223540.0,3,13.3
456,2016-09-22,595.25,3983.13,1392.1,46.1,2177.18,231227.0,3,12.02
457,2016-09-23,602.68,3773.33,1389.0,44.36,2164.69,231227.0,3,12.29
458,2016-09-26,606.82,4220.87,1391.8,45.6,2146.1,195642.0,3,14.5
459,2016-09-27,605.3,4356.03,1377.8,44.65,2159.93,195642.0,3,13.1
460,2016-09-28,604.98,3650.93,1370.4,47.07,2171.37,234995.0,3,12.39
461,2016-09-29,605.07,4060.87,1372.8,47.72,2151.13,234995.0,3,14.02
462,2016-09-30,607.65,4626.36,1364.1,47.72,2168.27,234995.0,3,13.29
463,2016-10-03,612.95,4282.64,1359.6,48.8,2161.2,213930.0,3,13.57
464,2016-10-04,609.25,4959.1,1315.8,48.67,2150.49,264662.0,3,13.63
465,2016-10-05,613.35,4427.98,1315.0,49.75,2159.73,264662.0,3,12.99
466,2016-10-06,611.83,3868.36,1299.2,50.44,2160.77,264662.0,3,12.84
467,2016-10-07,617.32,5081.4,1298.2,49.76,2153.74,266324.0,3,13.48
468,2016-10-10,618.31,3855.57,1307.6,49.76,2163.66,222996.0,3,13.38
469,2016-10-11,643.83,6127.14,1303.2,50.72,2136.73,222996.0,3,15.36
470,2016-10-12,636.92,4493.04,1301.4,50.14,2139.18,222996.0,3,15.91
471,2016-10-13,635.86,3867.82,1306.0,50.47,2132.55,229703.0,3,16.69
472,2016-10-14,638.0,4411.45,1304.1,50.35,2132.98,229703.0,3,16.12
473,2016-10-17,638.96,3898.77,1305.5,49.97,2126.5,197876.0,3,16.21
474,2016-10-18,634.97,4078.62,1312.3,50.3,2139.6,197876.0,3,15.28
475,2016-10-19,629.68,4495.62,1319.0,51.59,2144.29,199083.0,3,14.41
476,2016-10-20,627.83,4066.85,1317.3,50.31,2141.34,199083.0,3,13.75
477,2016-10-21,629.76,4216.33,1316.8,50.61,2141.16,199083.0,3,13.34
478,2016-10-24,649.75,3631.3,1311.0,50.18,2151.33,216708.0,3,13.02
479,2016-10-25,649.07,4776.95,1323.9,49.45,2143.16,237030.0,3,13.46
480,2016-10-26,674.0,5829.22,1316.9,48.75,2139.43,237030.0,3,14.24
481,2016-10-27,685.57,6528.32,1322.1,49.71,2133.04,237030.0,3,15.36
482,2016-10-28,689.65,4606.4,1329.2,48.72,2126.41,250876.0,3,16.19
483,2016-10-31,699.68,4483.62,1325.8,46.83,2126.15,241778.0,3,17.06
484,2016-11-01,731.16,6901.4,1340.6,46.66,2111.72,241778.0,4,18.56
485,2016-11-02,735.5,4900.69,1360.6,45.32,2097.94,241778.0,4,19.32
486,2016-11-03,688.93,10308.26,1356.4,44.66,2088.66,271998.0,4,22.08
487,2016-11-04,705.7,5339.37,1358.3,44.07,2085.18,271998.0,4,22.51
488,2016-11-07,706.82,4063.11,1333.0,44.88,2131.52,225786.0,4,18.71
489,2016-11-08,712.57,4426.48,1328.8,44.96,2139.56,225786.0,4,18.74
490,2016-11-09,721.0,11991.35,1328.3,45.2,2163.26,270095.0,4,14.38
491,2016-11-10,712.28,4382.38,1319.2,44.62,2167.48,270095.0,4,14.74
492,2016-11-11,714.77,3334.54,1275.3,43.39,2164.45,270095.0,4,14.17
493,2016-11-14,705.52,4797.58,1278.7,43.29,2164.2,228886.0,4,14.48
494,2016-11-15,712.41,4403.4,1282.7,45.86,2180.39,280352.0,4,13.37
495,2016-11-16,737.55,6034.32,1282.1,45.56,2176.94,280352.0,4,13.72
496,2016-11-17,736.57,4124.02,1275.6,45.37,2187.12,280352.0,4,13.35
497,2016-11-18,747.8,4804.44,1268.2,45.69,2181.9,275925.0,4,12.85
498,2016-11-21,735.81,2951.25,1268.6,47.48,2198.18,285793.0,4,12.42
499,2016-11-22,747.0,3984.94,1269.8,48.07,2202.94,285793.0,4,12.41
500,2016-11-23,741.76,3627.33,1248.7,46.72,2204.72,285793.0,4,12.43
501,2016-11-25,739.0,3088.94,1237.3,46.72,2213.35,328538.0,4,12.34
502,2016-11-28,730.27,3790.89,1250.4,45.66,2201.72,237389.0,4,13.15
503,2016-11-29,731.8,3825.88,1247.3,45.29,2204.66,237389.0,4,12.9
504,2016-11-30,742.6,3919.4,1230.2,49.41,2198.81,292654.0,4,13.33
505,2016-12-01,753.57,4159.29,1225.5,51.08,2191.08,292654.0,4,14.07
506,2016-12-02,771.54,5889.3,1234.2,51.7,2191.95,292654.0,4,14.12
507,2016-12-05,753.36,4829.26,1233.5,51.72,2204.71,287988.0,4,12.14
508,2016-12-06,755.73,1222.47,1226.8,50.95,2212.23,319762.0,4,11.79
509,2016-12-07,766.07,2170.38,1240.4,49.85,2241.35,319762.0,4,12.22
510,2016-12-08,768.35,4743.95,1236.2,50.84,2246.19,319762.0,4,12.64
511,2016-12-09,771.77,3916.95,1225.8,51.51,2259.53,268815.0,4,11.75
512,2016-12-12,778.71,4353.46,1230.1,52.74,2256.96,268662.0,4,12.64
513,2016-12-13,779.79,5304.5,1223.4,52.99,2271.72,268662.0,4,12.72
514,2016-12-14,777.72,4488.82,1228.1,51.01,2253.28,268662.0,4,13.19
515,2016-12-15,775.0,5877.17,1201.3,50.9,2262.03,282685.0,4,12.79
516,2016-12-16,785.0,5541.5,1209.1,51.93,2258.07,282685.0,4,12.2
517,2016-12-19,789.91,5344.13,1214.1,52.13,2262.53,235789.0,4,11.71
518,2016-12-20,797.99,5825.84,1205.2,52.22,2270.76,235789.0,4,11.45
519,2016-12-21,828.58,8332.09,1204.7,51.44,2265.18,325677.0,4,11.27
520,2016-12-22,858.01,8904.03,1202.0,51.98,2260.96,325677.0,4,11.43
521,2016-12-23,915.5,12611.27,1205.0,52.01,2263.79,325677.0,4,11.44
522,2016-12-27,921.59,6605.24,1210.1,52.82,2268.88,296546.0,4,11.99
523,2016-12-28,981.92,9644.81,1212.2,54.01,2249.92,296546.0,4,12.95
524,2016-12-29,976.75,8959.68,1229.4,53.8,2249.26,296546.0,4,13.37
525,2016-12-30,962.63,8055.58,1222.7,53.75,2238.83,286818.0,4,14.04
526,2017-01-03,1035.19,7970.31,1232.9,52.36,2257.83,290951.0,6,12.85
527,2017-01-04,1133.0,16438.41,1235.3,53.26,2270.75,290951.0,6,11.85
528,2017-01-05,995.05,20433.13,1250.3,53.77,2269.0,288501.0,6,11.67
529,2017-01-06,894.93,14144.34,1243.9,53.98,2276.98,288501.0,6,11.32
530,2017-01-09,905.41,5960.04,1255.8,51.95,2268.9,260101.0,6,11.56
531,2017-01-10,907.53,7012.14,1256.7,50.82,2268.9,260101.0,6,11.49
532,2017-01-11,801.5,19216.16,1268.2,52.19,2275.32,303058.0,6,11.26
533,2017-01-12,822.64,13216.41,1271.5,53.01,2270.44,303058.0,6,11.54
534,2017-01-13,830.79,10564.13,1269.5,52.36,2274.64,303058.0,6,11.23
535,2017-01-17,907.58,7258.23,1285.6,52.45,2267.89,292697.0,6,11.87
536,2017-01-18,880.0,6654.7,1283.9,51.12,2271.89,292697.0,6,12.48
537,2017-01-19,901.0,5127.03,1273.7,51.39,2263.69,292697.0,6,12.78
538,2017-01-20,894.05,3073.67,1277.4,52.33,2271.31,298377.0,6,11.54
539,2017-01-23,924.24,3908.89,1287.1,52.77,2265.2,235530.0,6,11.77
540,2017-01-24,894.86,6319.11,1282.3,52.38,2280.07,235530.0,6,11.07
541,2017-01-25,896.81,4570.62,1269.3,52.14,2298.37,235530.0,6,10.81
542,2017-01-26,917.93,4673.88,1261.1,53.24,2296.68,313755.0,6,10.63
543,2017-01-27,923.4,3705.4,1259.9,53.18,2294.69,313755.0,6,10.58
544,2017-01-30,923.45,3678.36,1264.6,52.63,2280.9,241627.0,6,11.88
545,2017-01-31,970.92,6624.94,1280.0,52.75,2278.87,241627.0,6,11.99
546,2017-02-01,989.71,5983.96,1277.7,53.9,2279.55,350560.0,6,11.81
547,2017-02-02,1007.66,5623.69,1288.8,53.55,2280.85,350560.0,6,11.93
548,2017-02-03,1016.77,6731.61,1290.4,53.81,2297.42,350560.0,6,10.97
549,2017-02-06,1024.39,4227.33,1301.5,53.01,2292.56,284778.0,6,11.37
550,2017-02-07,1053.97,5566.34,1304.6,52.19,2293.08,325268.0,6,11.29
551,2017-02-08,1059.14,6899.97,1306.5,52.37,2294.67,325268.0,6,11.45
552,2017-02-09,985.0,16261.21,1303.6,52.99,2307.87,325268.0,6,10.88
553,2017-02-10,1003.97,7992.25,1302.7,53.84,2316.1,301789.0,6,10.85
554,2017-02-13,1002.56,4669.88,1293.1,52.96,2328.25,288290.0,6,11.07
555,2017-02-14,1012.23,5719.72,1293.1,53.21,2337.58,288290.0,6,10.74
556,2017-02-15,1014.53,4421.87,1302.4,53.11,2349.25,288290.0,6,11.97
557,2017-02-16,1038.94,5993.8,1310.9,53.41,2347.22,283203.0,6,11.76
558,2017-02-17,1057.3,6333.71,1307.6,53.41,2351.16,283203.0,6,11.49
559,2017-02-21,1128.29,7483.04,1307.4,54.02,2365.38,251721.0,6,11.57
560,2017-02-22,1128.71,6034.25,1301.5,53.61,2362.82,282194.0,6,11.74
561,2017-02-23,1186.9,7536.2,1319.9,54.48,2363.81,282194.0,6,11.71
562,2017-02-24,1186.91,12632.88,1326.6,53.99,2367.34,282194.0,6,11.47
563,2017-02-27,1195.81,5745.59,1327.3,54.04,2369.75,326521.0,6,12.09
564,2017-02-28,1195.08,6719.3,1322.5,54.0,2363.64,325414.0,6,12.92
565,2017-03-01,1230.0,8122.55,1319.3,53.82,2395.96,325414.0,7,12.54
566,2017-03-02,1269.17,8889.98,1302.1,52.63,2381.92,325414.0,7,11.81
567,2017-03-03,1292.86,8284.43,1297.0,53.33,2383.12,337310.0,7,10.96
568,2017-03-06,1284.99,4750.05,1295.5,53.19,2375.31,287731.0,7,11.24
569,2017-03-07,1237.36,10495.65,1285.9,52.68,2368.39,287731.0,7,11.45
570,2017-03-08,1150.22,12878.03,1280.1,49.83,2362.98,287731.0,7,11.86
571,2017-03-09,1197.3,8439.14,1273.9,48.75,2364.87,303632.0,7,12.3
572,2017-03-10,1109.01,24876.28,1272.2,48.05,2372.6,303632.0,7,11.66
573,2017-03-13,1245.5,9305.89,1274.8,47.95,2373.47,221110.0,7,11.35
574,2017-03-14,1247.42,7361.42,1274.5,47.24,2365.45,221110.0,7,12.3
575,2017-03-15,1263.0,7231.55,1272.5,48.34,2385.26,292434.0,7,11.63
576,2017-03-16,1175.11,16563.41,1298.9,48.3,2381.38,292434.0,7,11.21
577,2017-03-17,1069.57,19180.33,1301.8,48.34,2378.25,292434.0,7,11.28
578,2017-03-20,1044.96,8917.53,1305.4,47.79,2373.47,263530.0,7,11.34
579,2017-03-21,1114.42,12220.65,1317.2,47.02,2344.02,288055.0,7,12.47
580,2017-03-22,1034.57,14562.11,1319.7,47.29,2348.45,288055.0,7,12.81
581,2017-03-23,1025.14,7782.51,1316.7,47.0,2345.96,288055.0,7,13.12
582,2017-03-24,934.87,18942.25,1318.6,47.3,2343.98,289521.0,7,12.96
583,2017-03-27,1042.08,10224.27,1325.6,47.02,2341.59,232291.0,7,12.5
584,2017-03-28,1045.4,9053.57,1325.7,48.36,2358.57,232291.0,7,11.53
585,2017-03-29,1043.27,8674.7,1323.7,49.47,2361.13,232291.0,7,11.42
586,2017-03-30,1042.08,8279.23,1314.9,50.3,2368.06,288788.0,7,11.54
587,2017-03-31,1088.99,11267.16,1318.0,50.54,2362.72,288788.0,7,12.37
588,2017-04-03,1152.6,12693.53,1320.9,50.25,2358.84,244203.0,6,12.38
589,2017-04-04,1143.99,8956.84,1325.0,50.99,2360.16,244203.0,6,11.79
590,2017-04-05,1132.99,8699.48,1315.4,51.14,2352.95,316555.0,6,12.89
591,2017-04-06,1192.3,11217.35,1320.3,51.69,2357.49,316555.0,6,12.39
592,2017-04-07,1194.0,6982.52,1324.7,52.25,2355.54,316555.0,6,12.87
593,2017-04-10,1210.0,5640.01,1321.2,53.06,2357.16,226959.0,6,14.05
594,2017-04-11,1223.99,5480.34,1341.3,53.38,2353.78,307893.0,6,15.07
595,2017-04-12,1214.17,6491.4,1345.2,53.12,2344.93,307893.0,6,15.77
596,2017-04-13,1177.05,9425.11,1354.6,53.19,2328.95,307893.0,6,15.96
597,2017-04-17,1189.91,6546.71,1357.7,52.62,2349.01,245184.0,6,14.66
598,2017-04-18,1201.94,6267.85,1358.8,52.46,2342.19,245184.0,6,14.42
599,2017-04-19,1214.21,6271.07,1348.4,50.49,2338.17,245184.0,6,14.93
600,2017-04-20,1236.15,7744.55,1349.6,50.26,2355.84,267915.0,6,14.15
601,2017-04-21,1249.99,6666.81,1354.9,49.64,2348.69,267915.0,6,14.63
602,2017-04-24,1257.29,5899.56,1343.7,48.9,2374.15,245039.0,6,10.84
603,2017-04-25,1281.16,8116.55,1333.9,49.22,2388.61,245039.0,6,10.76
604,2017-04-26,1298.44,9594.48,1330.9,49.22,2387.45,334471.0,6,10.85
605,2017-04-27,1349.26,10484.74,1332.6,48.96,2388.77,334471.0,6,10.36
606,2017-04-28,1353.34,13987.65,1335.0,49.31,2384.2,334471.0,6,10.82
607,2017-05-01,1436.5,16970.38,1322.5,48.83,2388.33,341319.0,15,10.11
608,2017-05-02,1471.99,11924.59,1324.0,47.65,2391.17,333161.0,15,10.59
609,2017-05-03,1533.0,16309.77,1315.5,47.79,2388.13,333161.0,15,10.68
610,2017-05-04,1563.39,26688.81,1295.3,45.55,2389.52,333161.0,15,10.46
611,2017-05-05,1551.3,16885.42,1293.7,46.23,2399.29,267193.0,15,10.57
612,2017-05-08,1713.0,15881.13,1294.0,46.46,2399.38,365096.0,15,9.77
613,2017-05-09,1720.43,19681.55,1283.0,45.84,2396.92,365096.0,15,9.96
614,2017-05-10,1794.99,13454.3,1285.5,47.28,2399.63,365096.0,15,10.21
615,2017-05-11,1837.93,15706.28,1290.8,47.81,2394.44,294743.0,15,10.6
616,2017-05-12,1695.61,16510.26,1293.6,47.83,2390.9,294743.0,15,10.4
617,2017-05-15,1747.81,10184.06,1295.9,48.86,2402.32,369098.0,15,10.42
618,2017-05-16,1777.48,11410.4,1302.3,48.64,2400.67,369098.0,15,10.65
619,2017-05-17,1813.23,13798.13,1324.1,49.04,2357.03,317527.0,15,15.59
620,2017-05-18,1899.16,11374.67,1317.1,49.36,2365.72,317527.0,15,14.66
621,2017-05-19,1976.23,18952.5,1317.8,50.32,2381.73,317527.0,15,12.04
622,2017-05-22,2123.29,29386.37,1325.9,50.81,2394.02,352805.0,15,10.93
623,2017-05-23,2272.75,17597.47,1320.0,51.12,2398.42,367710.0,15,10.72
624,2017-05-24,2432.97,24634.04,1317.6,50.99,2404.39,367710.0,15,10.02
625,2017-05-25,2355.0,37154.19,1321.2,48.57,2415.07,367710.0,15,9.99
626,2017-05-26,2272.7,31456.5,1332.7,49.58,2415.82,333340.0,15,9.81
627,2017-05-30,2191.58,20903.19,1327.0,49.63,2412.91,321638.0,15,10.38
628,2017-05-31,2303.29,21703.01,1336.4,48.29,2411.8,321638.0,15,10.41
629,2017-06-01,2419.99,21374.75,1331.1,48.32,2430.06,319709.0,14,9.89
630,2017-06-02,2478.99,12886.75,1341.0,47.68,2439.07,319709.0,14,9.75
631,2017-06-05,2698.0,13555.2,1343.5,47.4,2436.1,266044.0,14,10.07
632,2017-06-06,2871.29,28585.64,1357.9,48.13,2429.33,266044.0,14,10.45
633,2017-06-07,2685.64,19455.78,1353.5,45.8,2433.14,339720.0,14,10.39
634,2017-06-08,2799.73,13441.89,1339.8,45.68,2433.79,339720.0,14,10.16
635,2017-06-09,2811.39,11436.76,1331.8,45.82,2431.77,339720.0,14,10.7
636,2017-06-12,2655.71,38782.22,1329.4,46.1,2429.39,254993.0,14,11.46
637,2017-06-13,2709.01,19700.56,1329.1,46.41,2440.35,291776.0,14,10.42
638,2017-06-14,2432.21,28214.96,1336.1,44.79,2437.92,291776.0,14,10.64
639,2017-06-15,2409.98,41961.04,1314.7,44.47,2432.46,291776.0,14,10.9
640,2017-06-16,2480.43,21883.35,1316.6,44.73,2433.15,269937.0,14,10.38
641,2017-06-19,2596.98,13918.48,1306.9,44.24,2453.46,269774.0,14,10.37
642,2017-06-20,2725.08,19187.68,1303.3,43.34,2437.03,269774.0,14,10.86
643,2017-06-21,2643.35,17851.81,1305.3,42.48,2435.61,269774.0,14,10.75
644,2017-06-22,2679.99,12169.41,1308.7,42.53,2434.5,269685.0,14,10.48
645,2017-06-23,2690.76,9672.18,1316.0,42.86,2438.3,269685.0,14,10.02
646,2017-06-26,2407.91,20235.14,1306.0,43.24,2439.07,180719.0,14,9.9
647,2017-06-27,2575.75,22136.58,1306.7,44.25,2419.38,180719.0,14,11.06
648,2017-06-28,2553.25,16231.45,1309.1,44.74,2440.69,279811.0,14,10.03
649,2017-06-29,2530.0,9044.52,1306.0,44.88,2419.7,279811.0,14,11.44
650,2017-06-30,2455.19,11858.83,1302.3,46.02,2423.41,279811.0,14,11.18
651,2017-07-03,2542.41,10044.25,1279.2,46.02,2429.01,221856.0,12,11.22
652,2017-07-05,2616.96,10180.98,1282.2,45.11,2432.54,255483.0,12,11.07
653,2017-07-06,2604.84,8196.24,1285.0,45.52,2409.75,255483.0,12,12.54
654,2017-07-07,2501.15,11633.51,1270.7,44.25,2425.18,243614.0,12,11.19
655,2017-07-10,2331.05,15546.11,1274.3,44.4,2427.43,251722.0,12,11.11
656,2017-07-11,2310.01,15656.53,1276.0,45.06,2425.53,251722.0,12,10.89
657,2017-07-12,2383.42,13833.16,1279.5,45.48,2443.25,251722.0,12,10.3
658,2017-07-13,2340.0,9541.54,1276.8,46.06,2447.83,245895.0,12,9.9
659,2017-07-14,2217.24,13545.78,1287.1,46.53,2459.27,245895.0,12,9.51
660,2017-07-17,2235.19,21417.42,1293.7,46.02,2459.14,203165.0,12,9.82
661,2017-07-18,2308.15,23757.42,1301.8,46.4,2460.61,203165.0,12,9.89
662,2017-07-19,2258.99,18554.91,1302.0,47.1,2473.83,253768.0,12,9.79
663,2017-07-20,2873.48,36426.12,1305.4,46.73,2473.45,253768.0,12,9.58
664,2017-07-21,2657.45,23000.12,1314.2,45.78,2472.54,253768.0,12,9.36
665,2017-07-24,2762.26,8089.48,1313.7,46.21,2469.91,223358.0,12,9.43
666,2017-07-25,2564.0,19184.97,1311.5,47.77,2477.13,244036.0,12,9.43
667,2017-07-26,2525.99,13004.94,1310.1,48.58,2477.83,244036.0,12,9.6
668,2017-07-27,2664.99,10034.0,1321.4,49.05,2475.42,244036.0,12,10.11
669,2017-07-28,2786.07,17160.15,1330.3,49.72,2472.1,247207.0,12,10.29
670,2017-07-31,2856.88,11457.38,1328.4,50.21,2470.3,231012.0,12,10.26
671,2017-08-01,2732.59,9748.05,1334.1,49.19,2476.35,231012.0,20,10.09
672,2017-08-02,2699.9,8419.36,1333.3,49.6,2477.57,231012.0,20,10.28
673,2017-08-03,2787.02,7425.48,1329.4,49.03,2472.16,213017.0,20,10.44
674,2017-08-04,2857.34,7713.12,1319.5,49.57,2476.83,213017.0,20,10.03
675,2017-08-07,3398.23,11321.74,1319.8,49.37,2480.91,199627.0,20,9.93
676,2017-08-08,3422.43,15999.81,1318.2,49.07,2474.92,199627.0,20,10.96
677,2017-08-09,3342.8,13069.77,1334.8,49.59,2474.02,260955.0,20,11.11
678,2017-08-10,3444.98,9346.69,1345.6,48.54,2438.21,260955.0,20,16.04
679,2017-08-11,3656.15,15282.54,1349.2,48.81,2441.32,260955.0,20,15.51
680,2017-08-14,4320.6,20028.5,1345.9,47.59,2465.84,260521.0,20,12.33
681,2017-08-15,4159.93,31972.64,1335.3,47.57,2464.61,311002.0,20,12.04
682,2017-08-16,4370.01,17943.01,1338.6,46.8,2468.11,311002.0,20,11.74
683,2017-08-17,4280.01,19967.11,1347.8,47.07,2430.01,311002.0,20,15.55
684,2017-08-18,4101.72,20732.84,1346.7,48.59,2425.55,312250.0,20,14.26
685,2017-08-21,4002.0,12407.92,1352.0,47.39,2428.37,236772.0,20,13.19
686,2017-08-22,4092.0,21882.51,1346.5,47.65,2452.51,236772.0,20,11.35
687,2017-08-23,4143.49,11731.12,1349.7,48.45,2444.04,236772.0,20,12.25
688,2017-08-24,4312.03,10245.72,1346.9,47.24,2438.97,203805.0,20,12.23
689,2017-08-25,4360.0,10907.41,1352.8,47.65,2443.05,203805.0,20,11.28
690,2017-08-28,4384.99,10067.66,1370.6,46.4,2444.24,261891.0,20,11.32
691,2017-08-29,4599.0,14176.56,1373.7,46.46,2446.3,261891.0,20,11.7
692,2017-08-30,4581.98,10230.63,1368.9,45.96,2457.59,271466.0,20,11.22
693,2017-08-31,4743.94,13483.89,1376.5,47.26,2471.65,271466.0,20,10.59
694,2017-09-01,4947.99,16664.55,1385.1,47.32,2476.55,271466.0,21,10.13
695,2017-09-05,4432.51,17081.16,1399.2,48.63,2457.85,277948.0,21,12.23
696,2017-09-06,4616.18,15975.31,1393.9,49.13,2465.54,277948.0,21,11.63
697,2017-09-07,4624.18,8402.48,1406.0,49.1,2465.1,277948.0,21,11.55
698,2017-09-08,4350.0,21495.34,1407.3,47.44,2461.43,279488.0,21,12.12
699,2017-09-11,4210.72,9037.83,1392.1,48.06,2488.11,253492.0,21,10.73
700,2017-09-12,4164.52,12054.71,1389.8,48.21,2496.48,253492.0,21,10.58
701,2017-09-13,3855.32,22314.17,1384.7,49.3,2498.37,253492.0,21,10.5
702,2017-09-14,3250.4,35375.4,1387.2,49.86,2495.62,268068.0,21,10.44
703,2017-09-15,3740.02,53365.89,1383.1,49.9,2500.23,268068.0,21,10.17
704,2017-09-18,4100.0,16833.07,1368.3,49.88,2503.87,197683.0,21,10.15
705,2017-09-19,3910.11,13483.26,1370.3,49.54,2506.65,197683.0,21,10.18
706,2017-09-20,3867.05,9809.81,1376.0,50.29,2508.24,235723.0,21,9.78
707,2017-09-21,3617.47,14575.36,1354.4,50.58,2500.6,235723.0,21,9.67
708,2017-09-22,3619.01,12552.38,1357.1,50.33,2502.22,235723.0,21,9.59
709,2017-09-25,3919.78,9249.85,1371.2,51.85,2496.66,203861.0,21,10.21
710,2017-09-26,3885.09,5852.48,1361.8,51.59,2496.84,263648.0,21,10.17
711,2017-09-27,4200.0,11758.34,1348.4,52.14,2507.04,263648.0,21,9.87
712,2017-09-28,4189.42,7742.77,1349.0,51.62,2510.06,263648.0,21,9.55
713,2017-09-29,4156.99,10171.48,1345.3,51.67,2519.36,254438.0,21,9.51
714,2017-10-02,4392.71,8419.64,1337.1,50.59,2529.12,295002.0,22,9.45
715,2017-10-03,4307.99,10224.79,1335.8,50.44,2534.58,295002.0,22,9.51
716,2017-10-04,4214.84,6228.33,1338.0,50.0,2537.74,295002.0,22,9.63
717,2017-10-05,4320.04,6376.05,1335.3,50.79,2552.07,273243.0,22,9.19
718,2017-10-06,4362.99,6378.97,1337.0,49.34,2549.33,273243.0,22,9.65
719,2017-10-09,4769.55,13964.95,1347.4,49.58,2544.73,238385.0,22,10.33
720,2017-10-10,4750.0,13478.05,1356.4,50.93,2550.64,238385.0,22,10.08
721,2017-10-11,4814.99,7206.03,1351.5,51.3,2555.24,292459.0,22,9.85
722,2017-10-12,5440.0,19732.58,1359.3,50.61,2550.93,292459.0,22,9.91
723,2017-10-13,5624.8,25811.46,1367.4,51.43,2553.17,292459.0,22,9.61
724,2017-10-16,5754.9,8780.96,1366.7,51.86,2557.64,293140.0,22,9.91
725,2017-10-17,5594.0,8715.92,1349.5,51.87,2559.36,334438.0,22,10.31
726,2017-10-18,5574.44,17239.89,1346.3,52.05,2561.26,334438.0,22,10.07
727,2017-10-19,5704.01,8748.55,1352.9,51.29,2562.1,334438.0,22,10.05
728,2017-10-20,5989.1,16368.68,1343.2,51.63,2575.21,312409.0,22,9.97
729,2017-10-23,5905.99,16263.88,1343.9,51.91,2564.98,316096.0,22,11.07
730,2017-10-24,5525.43,17736.3,1341.2,52.32,2569.13,316096.0,22,11.16
731,2017-10-25,5739.97,13672.23,1342.5,51.97,2557.15,316096.0,22,11.23
732,2017-10-26,5891.61,11321.8,1333.1,52.41,2560.4,265827.0,22,11.3
733,2017-10-27,5780.0,9127.48,1335.1,53.92,2581.07,265827.0,22,9.8
734,2017-10-30,6124.16,8166.08,1340.9,54.11,2572.83,334025.0,22,10.5
735,2017-10-31,6445.01,14184.69,1333.7,54.36,2575.26,334025.0,22,10.18
736,2017-11-01,6783.69,20253.34,1340.6,54.32,2579.36,351529.0,44,10.2
737,2017-11-02,7039.99,34494.67,1341.4,54.55,2579.85,351529.0,44,9.93
738,2017-11-03,7170.01,23544.34,1332.9,55.63,2587.84,351529.0,44,9.14
739,2017-11-06,6969.76,22562.22,1345.7,57.34,2591.13,294121.0,44,9.4
740,2017-11-07,7126.63,14304.0,1339.9,57.19,2590.64,335636.0,44,9.89
741,2017-11-08,7467.96,36774.83,1348.3,56.82,2594.38,335636.0,44,9.78
742,2017-11-09,7156.0,17655.54,1352.8,57.16,2584.62,335636.0,44,10.5
743,2017-11-10,6577.63,31858.14,1340.5,56.75,2582.3,271745.0,44,11.29
744,2017-11-13,6535.87,35180.6,1346.4,56.77,2584.84,309299.0,44,11.5
745,2017-11-14,6605.0,19194.55,1350.2,55.67,2578.87,309299.0,44,11.59
746,2017-11-15,7294.0,27181.18,1344.7,55.28,2564.62,309299.0,44,13.13
747,2017-11-16,7838.53,28093.1,1345.4,55.14,2585.64,310396.0,44,11.76
748,2017-11-17,7714.71,23476.28,1364.0,56.21,2578.85,310396.0,44,11.43
749,2017-11-20,8256.01,15462.22,1343.6,56.21,2582.14,264855.0,44,10.65
750,2017-11-21,8109.0,29873.68,1350.8,56.84,2599.03,264855.0,44,9.73
751,2017-11-22,8250.0,13440.42,1361.4,57.88,2597.08,312033.0,44,9.88
752,2017-11-24,8215.01,14058.33,1356.6,58.94,2602.42,312033.0,44,9.67
753,2017-11-27,9768.71,24658.82,1363.7,58.1,2601.42,336689.0,44,9.87
754,2017-11-28,9949.0,18593.31,1364.0,57.96,2627.04,365977.0,44,10.03
755,2017-11-29,9935.98,62321.44,1351.4,57.25,2626.07,365977.0,44,10.7
756,2017-11-30,9903.0,39839.39,1342.3,57.4,2647.58,365977.0,44,11.28
757,2017-12-01,10869.84,32322.41,1347.8,58.35,2642.22,412908.0,100,11.43
758,2017-12-04,11643.98,19613.4,1343.0,57.48,2639.44,400686.0,100,11.68
759,2017-12-05,11718.35,17078.85,1330.1,57.66,2629.57,400686.0,100,11.33
760,2017-12-06,14090.0,46838.72,1331.2,55.79,2629.27,400686.0,100,11.02
761,2017-12-07,17390.01,72755.19,1318.0,56.5,2636.98,374917.0,100,10.16
762,2017-12-08,16367.03,62052.71,1313.1,57.15,2651.5,374917.0,100,9.58
763,2017-12-11,16885.75,35856.43,1311.8,57.84,2659.99,341420.0,100,9.34
764,2017-12-12,17730.12,33282.64,1306.9,57.12,2664.11,341420.0,100,9.92
765,2017-12-13,16689.61,28665.95,1313.7,56.59,2662.85,424579.0,100,10.18
766,2017-12-14,16749.79,15611.48,1322.2,57.0,2652.01,424579.0,100,10.49
767,2017-12-15,17738.67,25934.43,1322.4,57.29,2675.81,424579.0,100,9.42
768,2017-12-18,19039.0,23595.21,1330.6,57.17,2690.16,364222.0,100,9.53
769,2017-12-19,17838.73,29056.67,1329.8,57.49,2681.47,378622.0,100,10.03
770,2017-12-20,16496.9,41730.03,1335.4,58.09,2679.25,378622.0,100,9.72
771,2017-12-21,15758.8,25674.46,1336.3,58.34,2684.57,378622.0,100,9.62
772,2017-12-22,14210.57,90954.08,1344.8,58.25,2683.34,380648.0,100,9.9
773,2017-12-26,15790.88,20559.6,1353.5,59.55,2680.5,228926.0,100,10.25
774,2017-12-27,15367.08,21861.4,1357.3,59.67,2682.62,228926.0,100,10.47
775,2017-12-28,14450.01,27970.65,1364.4,59.84,2687.54,305053.0,100,10.18
776,2017-12-29,14565.05,17235.04,1376.9,60.46,2673.61,305053.0,100,11.04
777,2018-01-02,14781.51,23957.87,1385.1,60.37,2695.81,290422.0,54,9.77
778,2018-01-03,15098.14,16584.63,1389.0,61.61,2713.06,395963.0,54,9.15
779,2018-01-04,15144.99,17980.39,1392.3,61.98,2723.99,395963.0,54,9.22
780,2018-01-05,16960.01,20781.65,1393.3,61.49,2743.15,395963.0,54,9.22
781,2018-01-08,14993.74,21174.24,1391.8,61.73,2747.71,358847.0,54,9.52
782,2018-01-09,14480.99,14131.42,1385.2,62.92,2751.29,360265.0,54,10.08
783,2018-01-10,14875.18,20897.79,1392.2,63.6,2748.23,360265.0,54,9.82
784,2018-01-11,13308.06,25968.83,1395.3,63.81,2767.56,360265.0,54,9.88
785,2018-01-12,13820.0,13970.64,1409.6,64.22,2786.24,300091.0,54,10.16
786,2018-01-16,11570.01,55998.79,1412.0,63.82,2776.42,273623.0,54,11.66
787,2018-01-17,11200.01,60648.02,1414.9,63.92,2802.56,273623.0,54,11.91
788,2018-01-18,11305.53,29065.2,1402.9,63.96,2798.03,309495.0,54,12.22
789,2018-01-19,11498.99,15569.99,1409.8,63.38,2810.3,309495.0,54,11.27
790,2018-01-22,10766.7,23186.08,1410.8,63.66,2832.97,215622.0,54,11.03
791,2018-01-23,10824.94,20835.11,1415.4,64.45,2839.13,215622.0,54,11.1
792,2018-01-24,11356.79,14157.04,1437.1,65.69,2837.54,250423.0,54,11.47
793,2018-01-25,11118.0,12700.49,1443.9,65.62,2839.25,250423.0,54,11.58
794,2018-01-26,11086.89,18029.05,1434.5,66.27,2872.87,250423.0,54,11.08
795,2018-01-29,11123.01,10478.81,1422.1,65.71,2853.53,193578.0,54,13.84
796,2018-01-30,9995.0,25138.03,1417.0,64.64,2822.43,236609.0,54,14.79
797,2018-01-31,10099.99,18610.62,1420.2,64.82,2823.81,236609.0,54,13.54
798,2018-02-01,9010.61,33299.38,1425.2,65.92,2821.98,236609.0,40,13.47
799,2018-02-02,8787.52,47657.97,1414.7,65.5,2762.13,235918.0,40,17.31
800,2018-02-05,6905.19,55053.58,1413.0,64.18,2648.94,216363.0,40,37.32
801,2018-02-06,7688.46,85899.42,1405.5,63.48,2695.14,216363.0,40,29.98
802,2018-02-07,7575.75,47816.08,1390.8,61.91,2681.66,216363.0,40,27.73
803,2018-02-08,8218.1,29803.75,1394.9,61.3,2581.0,173289.0,40,33.46
804,2018-02-09,8671.01,25750.68,1390.8,59.2,2619.55,173289.0,40,29.06
805,2018-02-12,8872.28,18475.22,1401.6,59.41,2656.0,147208.0,40,25.61
806,2018-02-13,8520.01,13139.47,1405.5,59.33,2662.94,147208.0,40,24.97
807,2018-02-14,9472.98,22243.16,1433.6,60.7,2698.63,196417.0,40,19.26
808,2018-02-15,10031.23,29789.74,1432.2,61.48,2731.2,196417.0,40,19.13
809,2018-02-16,10167.49,16620.41,1433.5,61.89,2732.22,196417.0,40,19.46
810,2018-02-20,11235.57,24951.36,1408.8,61.91,2716.26,198455.0,40,20.6
811,2018-02-21,10454.27,27910.71,1411.0,61.73,2701.33,198455.0,40,20.02
812,2018-02-22,9830.0,26422.13,1411.8,62.72,2703.96,198455.0,40,18.72
813,2018-02-23,10144.99,19664.01,1409.4,63.52,2747.3,185193.0,40,16.49
814,2018-02-26,10300.0,17504.87,1413.5,63.81,2779.6,186474.0,40,15.8
815,2018-02-27,10566.57,16465.19,1400.0,62.94,2744.28,186474.0,40,18.59
816,2018-02-28,10307.27,17897.55,1399.5,61.43,2713.83,186474.0,40,19.85
817,2018-03-01,10895.92,13824.45,1386.3,60.98,2677.67,233744.0,22,22.47
818,2018-03-02,11000.0,12662.82,1404.5,61.19,2691.25,233744.0,22,19.59
819,2018-03-05,11377.54,9470.43,1400.8,62.49,2720.94,160231.0,22,18.73
820,2018-03-06,10700.0,16724.71,1416.2,62.54,2728.12,160231.0,22,18.36
821,2018-03-07,9925.0,29225.23,1408.2,61.09,2726.8,213978.0,22,17.76
822,2018-03-08,9304.89,21350.15,1403.3,60.13,2738.97,213978.0,22,16.54
823,2018-03-09,9255.0,38841.8,1407.0,62.02,2786.57,213978.0,22,14.64
824,2018-03-12,9120.0,19816.17,1403.8,61.35,2783.02,156228.0,22,15.78
825,2018-03-13,9145.41,16059.63,1410.4,60.69,2765.31,196140.0,22,16.35
826,2018-03-14,8207.02,25336.6,1408.7,60.89,2749.48,196140.0,22,17.23
827,2018-03-15,8259.99,26426.13,1400.7,61.16,2747.33,196140.0,22,16.59
828,2018-03-16,8275.0,16138.02,1395.3,62.29,2752.01,186979.0,22,15.8
829,2018-03-19,8589.01,24075.67,1400.7,62.01,2712.92,191528.0,22,19.02
830,2018-03-20,8900.0,18799.01,1395.2,63.37,2716.94,191528.0,22,18.2
831,2018-03-21,8891.81,14536.32,1405.6,65.1,2711.93,191528.0,22,17.86
832,2018-03-22,8715.09,13885.21,1411.2,64.25,2643.69,185187.0,22,23.34
833,2018-03-23,8927.1,14212.8,1434.0,65.8,2588.26,185187.0,22,24.87
834,2018-03-26,8145.0,18298.44,1440.0,65.49,2658.55,135274.0,22,21.03
835,2018-03-27,7793.61,14466.67,1426.8,65.21,2612.62,135274.0,22,22.5
836,2018-03-28,7942.72,10608.52,1407.9,64.3,2605.0,177521.0,22,22.87
837,2018-03-29,7079.99,25708.79,1405.0,64.87,2640.87,177521.0,22,19.97
838,2018-04-02,7045.01,13713.65,1424.8,63.05,2581.88,148617.0,18,23.62
839,2018-04-03,7424.9,17483.9,1415.5,63.41,2614.45,198919.0,18,21.1
840,2018-04-04,6791.68,13910.56,1418.7,63.35,2644.69,198919.0,18,20.06
841,2018-04-05,6785.85,13909.99,1407.1,63.53,2662.84,198919.0,18,18.94
842,2018-04-06,6619.01,10149.64,1414.9,62.03,2604.47,172889.0,18,21.49
843,2018-04-09,6771.13,12931.92,1418.6,63.4,2613.16,176563.0,18,21.77
844,2018-04-10,6824.99,7126.47,1424.5,65.48,2656.87,176563.0,18,20.47
845,2018-04-11,6942.99,7809.09,1439.0,66.81,2642.19,176563.0,18,20.24
846,2018-04-12,7916.0,28395.32,1420.4,67.07,2663.99,210879.0,18,18.49
847,2018-04-13,7893.19,20659.55,1426.9,67.35,2656.3,210879.0,18,17.41
848,2018-04-16,8048.93,12617.3,1429.6,66.23,2677.84,174031.0,18,16.56
849,2018-04-17,7892.1,10184.17,1428.3,66.5,2706.39,174031.0,18,15.25
850,2018-04-18,8152.05,10071.0,1432.5,68.44,2708.64,200740.0,18,15.6
851,2018-04-19,8274.0,11199.38,1427.8,68.3,2693.13,200740.0,18,15.96
852,2018-04-20,8866.27,14891.29,1417.2,68.26,2670.14,200740.0,18,16.88
853,2018-04-23,8931.3,7780.82,1403.0,67.61,2670.29,193975.0,18,16.34
854,2018-04-24,9648.0,19437.27,1412.1,67.66,2634.56,254493.0,18,18.02
855,2018-04-25,8865.98,29386.63,1401.9,68.0,2639.4,254493.0,18,17.84
856,2018-04-26,9272.11,14759.34,1397.0,68.18,2666.94,254493.0,18,16.24
857,2018-04-27,8922.55,11378.78,1402.6,68.11,2669.91,211119.0,18,15.41
858,2018-04-30,9243.83,8320.14,1398.1,68.56,2648.05,215107.0,18,15.93
859,2018-05-01,9072.29,10763.33,1385.4,67.28,2654.8,215107.0,14,15.49
860,2018-05-02,9190.48,8212.95,1384.3,67.91,2635.67,215107.0,14,15.97
861,2018-05-03,9725.74,13700.5,1391.4,68.45,2629.73,228521.0,14,15.9
862,2018-05-04,9685.0,10013.2,1393.7,69.71,2663.42,228521.0,14,14.77
863,2018-05-07,9353.0,9317.83,1393.2,70.74,2672.63,171761.0,14,14.75
864,2018-05-08,9177.81,8950.5,1392.8,68.83,2671.92,171761.0,14,14.71
865,2018-05-09,9300.08,8129.59,1392.0,71.16,2697.79,206579.0,14,13.42
866,2018-05-10,9010.51,7218.76,1401.1,71.36,2723.07,206579.0,14,13.23
867,2018-05-11,8403.33,15907.06,1399.4,70.69,2727.72,206579.0,14,12.65
868,2018-05-14,8670.0,13418.34,1396.9,71.01,2730.13,182054.0,14,12.93
869,2018-05-15,8477.46,10250.04,1368.8,71.34,2711.45,214779.0,14,14.63
870,2018-05-16,8344.0,9914.22,1370.8,71.43,2722.46,214779.0,14,13.42
871,2018-05-17,8059.0,7926.38,1368.6,71.47,2720.13,214779.0,14,13.43
872,2018-05-18,8238.51,7715.22,1369.9,71.23,2712.97,211496.0,14,13.42
873,2018-05-21,8393.44,4844.48,1369.7,72.26,2733.01,202647.0,14,13.08
874,2018-05-22,7987.7,6589.43,1370.7,72.09,2724.44,202647.0,14,13.22
875,2018-05-23,7505.0,14905.99,1368.1,71.85,2733.29,202647.0,14,12.58
876,2018-05-24,7584.15,11033.72,1383.1,70.77,2727.76,206825.0,14,12.53
877,2018-05-25,7459.11,8491.93,1382.1,67.92,2721.33,206825.0,14,13.22
878,2018-05-29,7460.0,10110.69,1373.9,66.8,2689.86,144304.0,14,17.02
879,2018-05-30,7380.01,6003.96,1376.9,68.24,2724.01,204077.0,14,14.94
880,2018-05-31,7485.0,5809.56,1375.2,66.98,2705.27,204077.0,14,15.43
881,2018-06-01,7514.32,6726.93,1370.2,65.81,2734.62,204077.0,13,13.46
882,2018-06-04,7487.37,5644.33,1369.1,64.76,2746.87,174497.0,13,12.74
883,2018-06-05,7612.51,5599.22,1374.1,65.51,2748.8,212901.0,13,12.4
884,2018-06-06,7655.0,5566.79,1373.5,64.75,2772.35,212901.0,13,11.64
885,2018-06-07,7684.93,4978.29,1374.4,65.96,2770.37,212901.0,13,12.13
886,2018-06-08,7618.8,3898.49,1374.4,65.77,2779.03,200379.0,13,12.18
887,2018-06-11,6881.0,11514.71,1375.5,66.1,2782.0,213196.0,13,12.35
888,2018-06-12,6544.99,10182.01,1371.8,66.38,2786.85,213196.0,13,12.34
889,2018-06-13,6302.32,16938.07,1373.5,66.63,2775.63,213196.0,13,12.94
890,2018-06-14,6638.49,14198.23,1380.6,66.91,2782.49,210029.0,13,12.12
891,2018-06-15,6391.22,6903.72,1349.3,65.01,2779.66,210029.0,13,11.98
892,2018-06-18,6709.02,7725.85,1351.1,65.91,2773.75,144908.0,13,12.31
893,2018-06-19,6736.41,6092.32,1349.2,65.09,2762.59,144908.0,13,13.35
894,2018-06-20,6756.1,6488.5,1345.3,65.92,2767.32,198889.0,13,12.79
895,2018-06-21,6719.01,4182.1,1341.0,65.68,2749.76,198889.0,13,14.64
896,2018-06-22,6059.82,16911.16,1341.3,69.02,2754.88,198889.0,13,13.77
897,2018-06-25,6246.01,8807.46,1339.2,69.91,2717.07,163295.0,13,17.33
898,2018-06-26,6074.94,6253.3,1329.6,75.23,2723.06,195404.0,13,15.92
899,2018-06-27,6132.17,6792.7,1325.7,77.41,2699.63,195404.0,13,17.91
900,2018-06-28,5851.66,7418.41,1320.2,73.45,2716.31,195404.0,13,16.85
901,2018-06-29,6202.36,10629.32,1323.9,74.13,2718.37,197881.0,13,16.09
902,2018-07-02,6611.79,8121.3,1309.9,73.89,2726.71,199294.0,13,15.6
903,2018-07-03,6502.62,6352.02,1322.4,74.19,2713.22,199294.0,13,16.14
904,2018-07-05,6532.95,6719.91,1327.6,73.05,2736.61,199600.0,13,14.97
905,2018-07-06,6600.0,4997.83,1324.8,73.78,2759.82,199600.0,13,13.37
906,2018-07-09,6664.01,5072.92,1329.0,73.93,2784.17,155685.0,13,12.69
907,2018-07-10,6303.7,7603.87,1325.1,74.11,2793.84,155685.0,13,12.64
908,2018-07-11,6390.04,4926.29,1313.3,70.47,2774.02,202603.0,13,13.63
909,2018-07-12,6249.75,8810.27,1315.4,70.28,2798.29,202603.0,13,12.58
910,2018-07-13,6216.29,5827.07,1309.5,71.03,2801.31,202603.0,13,12.18
911,2018-07-16,6728.81,8828.08,1308.0,68.22,2798.43,176475.0,13,12.83
912,2018-07-17,7315.01,15108.63,1295.1,68.03,2809.55,233966.0,13,12.06
913,2018-07-18,7378.99,15273.11,1295.5,68.78,2815.62,233966.0,13,12.1
914,2018-07-19,7470.01,9683.79,1290.9,69.42,2804.49,233966.0,13,12.87
915,2018-07-20,7334.46,9846.56,1297.3,70.31,2801.83,225529.0,13,12.86
916,2018-07-23,7720.09,12070.76,1291.2,67.9,2806.98,229480.0,13,12.62
917,2018-07-24,8401.01,18923.85,1291.3,70.77,2820.4,229480.0,13,12.41
918,2018-07-25,8157.15,13863.11,1297.2,71.13,2846.07,229480.0,13,12.29
919,2018-07-26,7931.99,11202.08,1291.6,71.59,2837.44,231679.0,13,12.14
920,2018-07-27,8184.21,11584.49,1289.1,68.66,2818.82,231679.0,13,13.03
921,2018-07-30,8170.01,9821.99,1287.8,71.19,2802.6,168407.0,13,14.26
922,2018-07-31,7727.27,12000.2,1289.9,69.88,2816.29,168407.0,13,12.83
923,2018-08-01,7603.99,10921.59,1284.1,68.8,2813.36,241044.0,13,13.15
924,2018-08-02,7533.92,6722.46,1276.3,68.95,2827.22,241044.0,13,12.19
925,2018-08-03,7414.08,10475.08,1279.5,68.49,2840.35,241044.0,13,11.64
926,2018-08-06,6938.0,8425.87,1273.7,69.01,2850.4,191657.0,13,11.27
927,2018-08-07,6718.22,10429.16,1274.3,69.17,2858.45,233045.0,13,10.93
928,2018-08-08,6282.5,21222.61,1276.9,66.92,2857.7,233045.0,13,10.85
929,2018-08-09,6546.46,13627.25,1275.9,66.81,2853.58,233045.0,13,11.27
930,2018-08-10,6146.01,7740.13,1274.7,67.61,2833.28,226148.0,13,13.16
931,2018-08-13,6253.67,10179.58,1254.2,67.25,2821.93,222229.0,13,14.78
932,2018-08-14,6195.01,17119.88,1256.0,67.04,2839.96,222229.0,13,13.31
933,2018-08-15,6269.01,16811.85,1239.8,65.07,2818.37,222229.0,13,14.64
934,2018-08-16,6315.9,8799.16,1238.8,65.44,2840.69,232335.0,13,13.45
935,2018-08-17,6585.49,10578.77,1238.9,65.93,2850.13,232335.0,13,12.64
936,2018-08-20,6258.74,7448.29,1248.6,66.5,2857.05,167400.0,13,12.49
937,2018-08-21,6475.9,6584.39,1253.9,67.32,2862.96,167400.0,13,12.86
938,2018-08-22,6359.99,15930.31,1257.2,67.85,2861.82,230333.0,13,12.25
939,2018-08-23,6526.36,6856.61,1247.0,69.13,2856.98,230333.0,13,12.41
940,2018-08-24,6690.88,7223.8,1266.8,69.71,2874.69,230333.0,13,11.99
941,2018-08-27,6911.9,6994.99,1269.8,69.97,2896.74,196420.0,13,12.16
942,2018-08-28,7071.01,11482.31,1268.2,68.54,2897.52,238039.0,13,12.5
943,2018-08-29,7030.9,7424.03,1265.1,69.68,2914.04,238039.0,13,12.25
944,2018-08-30,6983.0,7910.9,1257.9,70.25,2901.13,238039.0,13,13.53
945,2018-08-31,7015.01,7685.76,1259.5,69.84,2901.52,237076.0,13,12.86
946,2018-09-04,7360.0,7717.62,1252.0,69.82,2896.72,222897.0,12,13.16
947,2018-09-05,6687.96,14914.63,1254.4,68.69,2888.6,222897.0,12,13.91
948,2018-09-06,6495.0,17927.95,1257.5,67.81,2878.05,252261.0,12,14.65
949,2018-09-07,6395.01,8126.97,1253.9,67.73,2871.68,252261.0,12,14.88
950,2018-09-10,6299.99,6841.81,1253.4,67.55,2877.13,188912.0,12,14.16
951,2018-09-11,6282.53,7223.25,1256.0,69.29,2887.89,188912.0,12,13.22
952,2018-09-12,6326.0,7259.91,1265.1,70.37,2888.92,233275.0,12,13.14
953,2018-09-13,6485.99,9327.54,1262.2,68.6,2904.18,233275.0,12,12.37
954,2018-09-14,6478.04,7312.68,1255.0,68.98,2904.98,233275.0,12,12.07
955,2018-09-17,6250.7,8901.88,1259.6,68.86,2888.8,211071.0,12,13.68
956,2018-09-18,6335.7,6009.83,1256.9,69.87,2904.31,244259.0,12,12.79
957,2018-09-19,6386.94,9736.67,1262.7,71.08,2907.95,244259.0,12,11.75
958,2018-09-20,6493.11,6573.75,1265.6,70.77,2930.75,244259.0,12,11.8
959,2018-09-21,6750.0,10972.56,1255.5,70.8,2929.67,273051.0,12,11.68
960,2018-09-24,6582.09,5245.81,1258.6,73.23,2919.37,237670.0,12,12.2
961,2018-09-25,6436.89,8918.53,1259.4,73.4,2915.56,237670.0,12,12.42
962,2018-09-26,6455.66,5767.65,1253.0,72.22,2905.97,237670.0,12,12.89
963,2018-09-27,6680.01,7629.43,1241.0,72.18,2914.0,248686.0,12,12.41
964,2018-09-28,6620.01,8630.93,1249.9,73.16,2913.98,248686.0,12,12.12
965,2018-10-01,6572.83,6869.97,1245.6,75.37,2924.59,208210.0,10,12.0
966,2018-10-02,6498.46,5283.88,1261.3,75.16,2923.43,208210.0,10,12.05
967,2018-10-03,6466.03,6017.6,1257.3,76.4,2925.51,242303.0,10,11.61
968,2018-10-04,6547.45,6292.98,1256.1,74.44,2901.61,242303.0,10,14.22
969,2018-10-05,6593.94,4973.4,1260.8,74.26,2885.57,242303.0,10,14.82
970,2018-10-08,6608.07,5158.8,1243.5,74.27,2884.43,214843.0,10,15.69
971,2018-10-09,6589.48,4424.22,1246.4,74.95,2880.34,235862.0,10,15.95
972,2018-10-10,6524.56,5989.36,1248.0,73.18,2785.68,235862.0,10,22.96
973,2018-10-11,6154.69,18769.33,1282.6,70.97,2728.37,235862.0,10,24.98
974,2018-10-12,6188.01,5412.96,1276.6,71.41,2767.13,243174.0,10,21.31
975,2018-10-15,6436.98,19798.42,1285.6,71.84,2750.79,266945.0,10,21.3
976,2018-10-16,6422.16,0.0,1286.0,71.93,2809.92,266945.0,10,17.62
977,2018-10-17,6443.7,5281.04,1282.1,69.63,2809.21,266945.0,10,17.4
978,2018-10-18,6394.96,6821.25,1285.3,68.63,2768.78,253450.0,10,20.06
979,2018-10-19,6382.98,3708.25,1284.0,69.16,2767.78,253450.0,10,19.89
980,2018-10-22,6407.65,3827.53,1280.0,69.25,2755.88,211505.0,10,19.64
981,2018-10-23,6395.14,3884.63,1292.2,66.49,2740.69,211505.0,10,20.71
982,2018-10-24,6415.97,5001.03,1286.2,66.56,2656.1,254091.0,10,25.23
983,2018-10-25,6395.58,3446.96,1287.4,67.25,2705.57,254091.0,10,24.22
984,2018-10-26,6404.87,3923.84,1290.7,67.58,2658.69,254091.0,10,24.16
985,2018-10-29,6266.0,6219.19,1282.1,67.0,2641.25,233749.0,10,24.7
986,2018-10-30,6267.63,4018.99,1279.9,66.18,2682.63,283327.0,10,23.35
987,2018-10-31,6304.18,5061.85,1269.2,65.31,2711.74,283327.0,10,21.23
988,2018-11-01,6343.99,4395.73,1293.2,63.67,2740.37,283327.0,13,19.34
989,2018-11-02,6349.8,4003.06,1288.3,63.12,2723.06,292704.0,13,19.51
990,2018-11-05,6404.0,3878.2,1287.4,63.12,2738.31,293239.0,13,19.96
991,2018-11-06,6448.5,5257.68,1281.4,62.16,2755.45,293239.0,13,19.91
992,2018-11-07,6503.12,5541.0,1283.8,61.69,2813.89,293239.0,13,16.36
993,2018-11-08,6406.25,4929.29,1280.3,60.71,2806.83,277597.0,13,16.72
994,2018-11-09,6334.89,4377.42,1263.3,60.19,2781.01,277597.0,13,17.36
995,2018-11-12,6327.86,3498.83,1257.9,59.85,2726.22,246991.0,13,20.45
996,2018-11-13,6259.35,4465.43,1255.8,55.63,2722.18,246991.0,13,20.02
997,2018-11-14,5605.46,28948.74,1264.4,56.16,2701.58,292755.0,13,21.25
998,2018-11-15,5579.52,20850.3,1269.9,56.45,2730.2,292755.0,13,19.98
999,2018-11-16,5512.24,8839.08,1277.2,56.49,2736.27,292755.0,13,18.14
1000,2018-11-19,4733.5,36133.96,1279.8,57.16,2690.73,262649.0,13,20.1
1001,2018-11-20,4349.23,61797.01,1275.7,53.39,2641.89,288450.0,13,22.48
1002,2018-11-21,4545.11,27423.73,1282.9,54.41,2649.93,288450.0,13,20.8
1003,2018-11-23,4283.8,18389.56,1278.2,54.41,2632.56,275261.0,13,21.52
1004,2018-11-26,3731.32,34144.92,1277.9,51.46,2673.45,257062.0,13,18.9
1005,2018-11-27,3775.0,22536.15,1268.6,51.31,2682.17,257062.0,13,19.02
1006,2018-11-28,4225.03,34203.59,1278.5,50.06,2743.79,257062.0,13,18.49
1007,2018-11-29,4248.0,19053.48,1279.1,51.46,2737.8,246226.0,13,18.79
1008,2018-11-30,3975.48,18112.45,1274.8,50.78,2760.17,246226.0,13,18.07
1009,2018-12-03,3833.47,15624.16,1288.5,52.98,2790.37,222673.0,13,16.44
1010,2018-12-04,3901.84,15556.85,1295.7,53.21,2700.06,222673.0,13,20.74
1011,2018-12-06,3433.26,26157.21,1292.6,51.54,2695.95,256501.0,13,21.19
1012,2018-12-07,3380.01,34994.71,1301.9,52.76,2633.08,256501.0,13,23.23
1013,2018-12-10,3410.15,12950.67,1297.9,51.07,2637.72,231104.0,13,22.64
1014,2018-12-11,3355.68,10574.9,1296.0,51.65,2636.78,251487.0,13,21.76
1015,2018-12-12,3430.24,10238.1,1298.9,51.04,2651.07,251487.0,13,21.46
1016,2018-12-13,3265.0,13289.12,1296.3,52.69,2650.54,251487.0,13,20.65
1017,2018-12-14,3195.71,13684.44,1290.1,51.26,2599.95,275801.0,13,21.63
1018,2018-12-17,3496.82,20649.01,1300.5,49.8,2545.94,298823.0,13,24.52
1019,2018-12-18,3667.77,16101.1,1301.6,46.12,2546.16,298823.0,13,25.58
1020,2018-12-19,3682.51,27118.36,1304.4,47.96,2506.96,298823.0,13,25.58
1021,2018-12-20,4075.34,28862.88,1316.2,45.64,2467.42,287273.0,13,28.38
1022,2018-12-21,3839.06,21880.53,1306.2,45.38,2416.62,287273.0,13,30.11
1023,2018-12-24,4034.0,18459.12,1320.1,45.38,2351.1,250739.0,13,36.07
1024,2018-12-26,3809.88,8763.53,1321.4,46.04,2467.7,281305.0,13,30.41
1025,2018-12-27,3589.89,12383.47,1329.6,44.48,2488.83,281305.0,13,29.96
1026,2018-12-28,3888.06,15655.27,1331.4,45.15,2485.74,281305.0,13,28.34
1027,2018-12-31,3691.86,11743.89,1330.2,45.15,2506.85,264980.0,13,25.42
1028,2019-01-02,3890.79,9536.46,1332.8,46.31,2510.03,234725.0,10,23.22
1029,2019-01-03,3787.57,8715.63,1343.6,46.92,2447.89,234725.0,10,25.45
1030,2019-01-04,3820.25,8951.89,1334.8,47.76,2531.94,281772.0,10,21.38
1031,2019-01-07,4006.01,9408.71,1339.0,48.27,2549.69,284782.0,10,21.4
1032,2019-01-08,3993.86,12850.61,1334.9,49.58,2574.41,284782.0,10,20.47
1033,2019-01-09,4004.12,10180.99,1341.1,52.19,2584.96,284782.0,10,19.98
1034,2019-01-10,3626.12,18967.77,1336.8,52.42,2596.64,327338.0,10,19.5
1035,2019-01-11,3635.69,13866.3,1339.2,51.44,2596.26,327338.0,10,18.19
1036,2019-01-14,3664.19,10607.81,1341.0,50.31,2582.61,276997.0,10,19.07
1037,2019-01-15,3580.76,10048.6,1337.5,51.8,2610.3,276997.0,10,18.6
1038,2019-01-16,3609.71,8531.11,1343.1,52.08,2616.1,305702.0,10,19.04
1039,2019-01-17,3640.65,8526.63,1341.7,51.83,2635.96,305702.0,10,18.06
1040,2019-01-18,3607.85,5741.49,1331.9,53.6,2670.71,305702.0,10,17.8
1041,2019-01-22,3577.03,8672.66,1332.2,52.59,2632.9,296040.0,10,20.8
1042,2019-01-23,3553.01,7628.41,1333.1,52.44,2638.7,296040.0,10,19.52
1043,2019-01-24,3568.97,5607.18,1328.7,52.94,2642.33,296040.0,10,18.89
1044,2019-01-25,3562.18,6547.88,1347.1,53.53,2664.76,301085.0,10,17.42
1045,2019-01-28,3429.95,11621.01,1352.9,51.79,2643.85,308062.0,10,18.87
1046,2019-01-29,3397.42,8168.2,1358.7,53.07,2640.0,308062.0,10,19.13
1047,2019-01-30,3437.55,8293.61,1359.1,54.18,2681.05,308062.0,10,17.66
1048,2019-01-31,3411.49,7148.39,1367.9,53.84,2704.1,353945.0,10,16.57
1049,2019-02-01,3437.5,8410.91,1365.0,55.29,2706.53,353945.0,10,16.14
1050,2019-02-04,3409.57,5727.22,1362.2,54.57,2724.87,300171.0,10,15.73
1051,2019-02-05,3428.4,5993.48,1362.5,53.69,2737.7,300171.0,10,15.57
1052,2019-02-06,3367.36,8897.36,1357.7,53.94,2731.61,349596.0,10,15.38
1053,2019-02-07,3359.0,8292.37,1357.5,52.68,2706.05,349596.0,10,16.37
1054,2019-02-08,3622.0,15716.99,1361.7,52.75,2707.88,349596.0,10,15.72
1055,2019-02-11,3590.36,8107.71,1355.1,52.43,2709.8,310892.0,10,15.97
1056,2019-02-12,3588.06,7722.15,1357.1,53.14,2744.73,271573.0,10,15.43
1057,2019-02-13,3576.68,6850.51,1358.5,53.84,2753.03,271573.0,10,15.65
1058,2019-02-14,3561.5,5661.32,1357.1,54.4,2745.73,271573.0,10,16.22
1059,2019-02-15,3566.59,6844.45,1365.1,55.58,2775.6,296729.0,10,14.91
1060,2019-02-19,3888.01,13795.19,1387.8,56.12,2779.76,344274.0,10,14.88
1061,2019-02-20,3938.99,8325.53,1390.8,56.9,2784.7,344274.0,10,14.02
1062,2019-02-21,3897.71,8198.49,1370.4,56.95,2774.88,297595.0,10,14.46
1063,2019-02-22,3942.02,7477.11,1375.7,57.01,2792.67,297595.0,10,13.51
1064,2019-02-25,3818.79,10610.58,1372.2,55.32,2796.11,320446.0,10,14.85
1065,2019-02-26,3799.48,6309.89,1371.2,55.4,2793.9,320446.0,10,15.17
1066,2019-02-27,3799.92,7410.2,1363.8,56.92,2792.38,344560.0,10,14.7
1067,2019-02-28,3792.14,8766.86,1358.6,57.21,2784.49,344560.0,10,14.78
1068,2019-03-01,3806.17,6474.64,1341.6,55.76,2803.69,344560.0,8,13.57
1069,2019-03-04,3700.72,7793.41,1329.6,56.6,2792.81,335864.0,8,14.63
1070,2019-03-05,3844.59,8617.6,1326.8,56.55,2789.65,285716.0,8,14.74
1071,2019-03-06,3851.89,6615.04,1329.8,56.22,2771.45,285716.0,8,15.74
1072,2019-03-07,3857.05,6997.28,1328.2,56.6,2748.93,285716.0,8,16.59
1073,2019-03-08,3843.12,8160.65,1341.8,55.77,2743.07,285264.0,8,16.05
1074,2019-03-11,3849.68,5750.54,1333.3,56.79,2783.3,294741.0,8,14.33
1075,2019-03-12,3860.0,6489.22,1339.9,56.89,2791.52,294741.0,8,13.77
1076,2019-03-13,3851.02,5460.66,1351.4,58.27,2810.92,294741.0,8,13.41
1077,2019-03-14,3853.95,6992.9,1336.9,58.59,2808.48,299929.0,8,13.5
1078,2019-03-15,3902.8,6550.17,1344.6,58.51,2822.48,299929.0,8,12.88
1079,2019-03-18,3970.5,5416.76,1343.4,59.09,2832.94,227290.0,8,13.1
1080,2019-03-19,3975.01,361.69,1348.7,59.12,2832.57,227290.0,8,13.56
1081,2019-04-01,4137.01,7735.88,1329.5,61.59,2867.19,368904.0,12,13.4
1082,2019-04-02,4901.93,28678.1,1330.7,62.53,2867.24,368904.0,12,13.36
1083,2019-04-03,4975.97,33951.68,1330.6,62.46,2873.4,368904.0,12,13.74
1084,2019-04-04,4907.3,15160.91,1329.5,62.12,2879.39,354660.0,12,13.58
1085,2019-04-05,5040.66,11560.17,1331.1,63.1,2892.74,354660.0,12,12.82
1086,2019-04-08,5285.54,15523.75,1337.4,64.37,2895.77,350631.0,12,13.18
1087,2019-04-09,5193.49,9692.89,1343.9,64.05,2878.2,350631.0,12,14.28
1088,2019-04-10,5318.58,16026.52,1349.4,64.62,2888.21,396501.0,12,13.3
1089,2019-04-11,5040.12,15029.95,1328.9,63.61,2888.32,396501.0,12,13.02
1090,2019-04-12,5078.19,9858.67,1331.4,63.86,2907.41,396501.0,12,12.01
1091,2019-04-15,5029.99,9607.43,1327.5,63.43,2905.58,367076.0,12,12.32
1092,2019-04-16,5202.9,8604.75,1313.2,64.01,2907.06,358517.0,12,12.18
1093,2019-04-17,5227.0,7396.94,1312.5,63.74,2900.45,358517.0,12,12.6
1094,2019-04-18,5281.81,8214.7,1311.8,64.02,2905.03,358517.0,12,12.09
1095,2019-04-22,5387.6,11965.4,1313.4,65.66,2907.97,342014.0,12,12.42
1096,2019-04-23,5532.75,17566.38,1308.7,66.24,2933.68,342014.0,12,12.28
1097,2019-04-24,5441.9,14767.24,1314.9,65.96,2927.25,342014.0,12,13.14
1098,2019-04-25,5134.81,16761.42,1315.2,65.23,2926.17,384089.0,12,13.25
1099,2019-04-26,5159.51,14211.29,1324.2,63.29,2939.88,384089.0,12,12.73
1100,2019-04-29,5148.25,7285.66,1316.6,63.39,2943.03,383291.0,12,13.11
1101,2019-04-30,5270.69,7203.05,1320.7,63.83,2945.83,383291.0,12,13.12
1102,2019-05-01,5321.15,7128.85,1319.3,63.55,2923.73,439549.0,17,14.8
1103,2019-05-02,5390.01,7181.06,1307.3,61.75,2917.52,439549.0,17,14.42
1104,2019-05-03,5657.4,19076.57,1316.8,61.98,2945.64,439549.0,17,12.87
1105,2019-05-06,5687.9,8983.11,1319.1,62.3,2932.47,355910.0,17,15.44
1106,2019-05-07,5907.47,6179.72,1320.9,61.41,2884.05,329943.0,17,19.32
1107,2019-05-08,5948.41,12046.11,1316.5,62.13,2879.42,329943.0,17,19.4
1108,2019-05-09,6153.09,15187.54,1320.2,61.58,2870.72,329943.0,17,19.1
1109,2019-05-10,6343.14,17453.65,1322.3,61.65,2881.4,322963.0,17,16.04
1110,2019-05-13,7824.93,44448.41,1335.5,60.97,2811.87,390428.0,17,20.55
1111,2019-05-14,7990.92,38350.83,1329.6,61.82,2834.41,390428.0,17,18.06
1112,2019-05-15,8203.32,24557.41,1330.7,62.03,2850.96,390428.0,17,16.44
1113,2019-05-16,7878.96,28652.1,1319.6,62.93,2876.32,375062.0,17,15.29
1114,2019-05-17,7363.69,42364.34,1309.0,62.77,2859.53,375062.0,17,15.96
1115,2019-05-20,7999.54,24116.51,1311.0,63.12,2840.23,346859.0,17,16.31
1116,2019-05-21,7951.7,14150.34,1306.9,63.02,2864.36,346859.0,17,14.95
1117,2019-05-22,7626.48,16456.9,1308.1,61.42,2856.27,394887.0,17,14.75
1118,2019-05-23,7881.98,14730.03,1318.6,57.65,2822.24,394887.0,17,16.92
1119,2019-05-24,8001.7,14607.52,1316.9,58.4,2826.06,394887.0,17,15.85
1120,2019-05-28,8715.36,11661.23,1310.2,58.91,2802.39,390427.0,17,17.5
1121,2019-05-29,8662.44,12054.15,1313.5,58.84,2783.02,390427.0,17,17.9
1122,2019-05-30,8279.69,28840.7,1319.9,56.47,2788.86,390427.0,17,17.3
1123,2019-05-31,8554.06,16542.69,1337.9,53.49,2752.06,298997.0,17,18.71
1124,2019-06-03,8107.96,15411.03,1353.4,53.25,2744.45,294009.0,20,18.86
1125,2019-06-04,7670.96,28346.04,1354.6,53.5,2803.27,294009.0,20,16.97
1126,2019-06-05,7789.48,13129.0,1358.8,51.57,2826.15,294009.0,20,16.09
1127,2019-06-06,7805.0,12185.16,1366.9,52.59,2843.49,364526.0,20,15.93
1128,2019-06-07,7998.13,12180.97,1370.4,53.95,2873.34,364526.0,20,16.3
1129,2019-06-10,8015.69,9643.38,1354.8,53.33,2886.73,300917.0,20,15.94
1130,2019-06-11,7918.17,7678.33,1356.9,53.3,2885.72,300917.0,20,15.99
1131,2019-06-12,8176.02,12091.23,1362.3,51.13,2879.84,328464.0,20,15.91
1132,2019-06-13,8239.04,8580.58,1368.8,52.38,2891.64,328464.0,20,15.82
1133,2019-06-14,8697.46,12050.35,1369.6,52.47,2886.98,328464.0,20,15.28
1134,2019-06-17,9333.14,20193.67,1367.7,51.94,2889.67,330954.0,20,15.35
1135,2019-06-18,9078.48,15974.31,1375.5,53.86,2917.75,394843.0,20,15.15
1136,2019-06-19,9277.54,9173.83,1373.5,53.74,2926.46,394843.0,20,14.33
1137,2019-06-20,9531.21,11555.59,1420.3,56.88,2954.18,394843.0,20,14.75
1138,2019-06-21,10236.2,23563.85,1423.4,57.35,2950.46,337741.0,20,15.4
1139,2019-06-24,11032.32,15111.05,1441.4,57.73,2945.35,388342.0,20,15.26
1140,2019-06-25,11755.53,24269.79,1441.8,57.63,2917.38,388342.0,20,16.28
1141,2019-06-26,12927.44,70067.59,1438.6,59.17,2913.78,388342.0,20,16.21
1142,2019-06-27,11159.29,70145.65,1435.4,59.18,2924.92,361050.0,20,15.82
1143,2019-06-28,12360.45,41020.87,1437.5,58.2,2941.76,361050.0,20,15.08
1144,2019-07-01,10577.63,37633.9,1413.9,58.91,2964.33,330731.0,18,14.06
1145,2019-07-02,10829.18,41476.42,1433.1,56.0,2973.01,330731.0,18,12.93
1146,2019-07-03,11976.42,36836.85,1446.1,57.06,2995.82,397554.0,18,12.57
1147,2019-07-05,11004.51,19943.95,1426.3,57.06,2990.41,397554.0,18,13.28
1148,2019-07-08,12293.53,18809.86,1426.8,57.35,2975.95,348674.0,18,13.96
1149,2019-07-09,12571.11,25072.06,1427.6,57.57,2979.63,365588.0,18,14.09
1150,2019-07-10,12097.96,37013.08,1439.9,60.28,2993.07,365588.0,18,13.03
1151,2019-07-11,11349.0,33577.18,1434.6,59.93,2999.91,365588.0,18,12.93
1152,2019-07-12,11802.0,18077.11,1440.2,59.99,3013.77,360899.0,18,12.39
1153,2019-07-15,10854.47,32702.15,1441.5,59.3,3014.3,349111.0,18,12.68
1154,2019-07-16,9422.72,39003.84,1439.3,57.44,3004.04,349111.0,18,12.86
1155,2019-07-17,9696.31,34221.67,1451.6,56.5,2984.42,349111.0,18,13.97
1156,2019-07-18,10649.07,30779.8,1456.4,55.08,2995.11,315745.0,18,13.53
1157,2019-07-19,10538.06,18921.67,1454.7,55.42,2976.61,315745.0,18,14.45
1158,2019-07-22,10323.39,14866.73,1455.2,55.87,2985.03,283934.0,18,13.53
1159,2019-07-23,9840.12,17517.98,1450.0,56.58,3005.47,283934.0,18,12.61
1160,2019-07-24,9772.6,17433.78,1452.1,55.9,3019.56,295589.0,18,12.07
1161,2019-07-25,9883.33,12420.64,1443.1,55.88,3003.67,295589.0,18,12.74
1162,2019-07-26,9843.0,10404.23,1448.1,56.04,3025.86,295589.0,18,12.16
1163,2019-07-29,9495.01,10251.81,1449.2,56.85,3020.97,283892.0,18,12.83
1164,2019-07-30,9589.01,8899.99,1457.7,58.04,3013.18,328375.0,18,13.94
1165,2019-07-31,10087.3,12455.48,1453.7,58.53,2980.38,328375.0,18,16.12
1166,2019-08-01,10405.94,14053.4,1448.4,53.64,2953.56,328375.0,15,17.87
1167,2019-08-02,10533.01,12702.37,1472.9,55.67,2932.05,349556.0,15,17.61
1168,2019-08-05,11819.49,22797.97,1491.0,54.63,2844.74,339136.0,15,24.59
1169,2019-08-06,11465.49,22435.3,1498.6,53.6,2881.77,339136.0,15,20.17
1170,2019-08-07,11975.03,20598.91,1533.6,51.14,2883.98,339136.0,15,19.49
1171,2019-08-08,11981.0,14293.07,1524.0,52.6,2938.09,336181.0,15,16.91
1172,2019-08-09,11856.1,11651.01,1523.3,54.41,2918.65,336181.0,15,17.97
1173,2019-08-12,11389.28,6056.99,1532.0,54.98,2882.7,273280.0,15,21.09
1174,2019-08-13,10854.92,12011.52,1529.3,57.05,2926.32,273280.0,15,17.52
1175,2019-08-14,10025.86,23138.76,1542.9,55.16,2840.6,359997.0,15,22.1
1176,2019-08-15,10300.01,26273.06,1545.9,54.51,2847.6,359997.0,15,21.18
1177,2019-08-16,10352.78,18938.12,1538.2,54.83,2888.68,359997.0,15,18.47
1178,2019-08-19,10920.0,11637.76,1526.2,56.24,2923.65,288256.0,15,16.88
1179,2019-08-20,10769.09,8586.19,1530.4,56.18,2900.51,333304.0,15,17.5
1180,2019-08-21,10130.0,16469.55,1530.4,55.65,2924.43,333304.0,15,15.8
1181,2019-08-22,10107.15,10555.14,1523.4,55.33,2922.95,333304.0,15,16.68
1182,2019-08-23,10410.85,8962.04,1552.5,54.08,2847.11,340220.0,15,19.87
1183,2019-08-26,10361.65,12057.5,1552.1,53.54,2878.38,318219.0,15,19.32
1184,2019-08-27,10171.85,7298.1,1567.2,54.99,2869.16,318219.0,15,20.31
1185,2019-08-28,9714.31,15611.52,1564.5,55.76,2887.94,318219.0,15,19.35
1186,2019-08-29,9495.0,13650.89,1552.6,56.67,2924.58,346734.0,15,17.88
1187,2019-08-30,9582.42,8670.66,1545.5,55.07,2926.46,346734.0,15,18.98
1188,2019-09-03,10628.48,14521.81,1571.9,53.91,2906.27,285468.0,13,19.66
1189,2019-09-04,10581.84,11506.7,1576.2,56.22,2937.78,324741.0,13,17.33
1190,2019-09-05,10574.73,7307.17,1541.3,56.33,2976.0,324741.0,13,16.27
1191,2019-09-06,10308.92,14188.01,1531.5,56.45,2978.71,324741.0,13,15.0
1192,2019-09-09,10310.0,9351.39,1527.6,57.88,2978.43,314429.0,13,15.27
1193,2019-09-10,10093.01,7620.05,1515.8,57.37,2979.39,339858.0,13,15.2
1194,2019-09-11,10160.2,7694.14,1520.0,55.66,3000.93,339858.0,13,14.61
1195,2019-09-12,10423.72,7569.29,1524.5,55.13,3009.57,339858.0,13,14.22
1196,2019-09-13,10365.93,6799.62,1517.0,54.76,3007.39,308856.0,13,13.74
1197,2019-09-16,10262.54,7384.74,1528.7,63.1,2997.96,347341.0,13,14.67
1198,2019-09-17,10185.39,5710.49,1530.5,59.26,3005.7,347341.0,13,14.44
1199,2019-09-18,10155.26,5564.14,1532.8,58.19,3006.73,347341.0,13,13.95
1200,2019-09-19,10275.01,13548.83,1523.2,58.19,3006.79,346110.0,13,14.05
1201,2019-09-20,10168.85,6147.42,1532.0,57.92,2992.07,346110.0,13,15.32
1202,2019-09-23,9693.74,10409.03,1548.5,58.69,2991.78,318713.0,13,14.91
1203,2019-09-24,8530.01,31693.09,1557.1,57.22,2966.6,318713.0,13,17.05
1204,2019-09-25,8438.35,23161.99,1528.9,56.38,2984.87,347747.0,13,15.96
1205,2019-09-26,8060.0,25063.02,1532.0,56.24,2977.62,347747.0,13,16.07
1206,2019-09-27,8193.99,15793.45,1523.3,55.95,2961.79,347747.0,13,17.22
1207,2019-09-30,8304.96,14235.43,1489.8,54.09,2976.74,314433.0,13,16.24
1208,2019-10-01,8321.52,12133.1,1505.6,53.6,2940.25,337244.0,12,18.56
1209,2019-10-02,8381.72,7006.37,1524.6,52.67,2887.61,337244.0,12,20.56
1210,2019-10-03,8240.41,7550.73,1530.1,52.41,2910.63,337244.0,12,19.12
1211,2019-10-04,8156.67,7620.06,1529.4,52.84,2952.01,337222.0,12,17.04
1212,2019-10-07,8209.0,9969.38,1521.1,52.76,2938.79,328803.0,12,17.86
1213,2019-10-08,8180.0,5808.84,1520.7,52.64,2893.06,328803.0,12,20.28
1214,2019-10-09,8590.0,13865.37,1529.7,52.63,2919.4,328803.0,12,18.64
1215,2019-10-10,8587.5,7892.41,1517.9,53.57,2938.13,345048.0,12,17.57
1216,2019-10-11,8267.33,11975.39,1505.4,54.76,2970.27,345048.0,12,15.58
1217,2019-10-14,8355.0,4401.82,1514.4,53.57,2966.15,279487.0,12,14.57
1218,2019-10-15,8162.44,7919.56,1500.4,52.81,2995.68,279487.0,12,13.54
1219,2019-10-16,7993.54,8123.72,1510.8,53.42,2989.69,338473.0,12,13.68
1220,2019-10-17,8076.2,4909.27,1515.1,53.89,2997.95,338473.0,12,13.79
1221,2019-10-18,7954.16,6816.64,1510.4,53.75,2986.2,338473.0,12,14.25
1222,2019-10-21,8209.92,6117.88,1504.6,53.28,3006.72,304736.0,12,14.0
1223,2019-10-22,8024.72,5797.49,1503.9,54.21,2995.99,341464.0,12,14.46
1224,2019-10-23,7474.85,16883.87,1512.2,55.9,3004.52,341464.0,12,14.01
1225,2019-10-24,7430.87,7846.3,1521.3,56.11,3010.29,341464.0,12,13.71
1226,2019-10-25,8668.0,23523.09,1522.2,56.52,3022.55,328598.0,12,12.65
1227,2019-10-28,9226.5,16202.53,1512.8,55.6,3039.42,309611.0,12,13.11
1228,2019-10-29,9430.8,11914.92,1507.5,55.34,3036.89,309611.0,12,13.2
1229,2019-10-30,9164.44,9482.25,1513.6,54.85,3046.77,309611.0,12,12.33
1230,2019-10-31,9159.48,7983.57,1531.3,54.02,3037.56,293779.0,12,13.22
1231,2019-11-01,9253.12,7594.02,1528.4,56.04,3066.91,293779.0,11,12.3
1232,2019-11-04,9412.53,7784.61,1528.4,56.33,3078.27,294367.0,11,12.83
1233,2019-11-05,9322.09,7370.45,1500.9,57.04,3074.62,294367.0,11,13.1
1234,2019-11-06,9341.27,6804.27,1510.5,56.15,3076.78,314698.0,11,12.62
1235,2019-11-07,9198.84,5750.11,1483.6,56.91,3085.18,314698.0,11,12.73
1236,2019-11-08,8763.01,11993.34,1480.0,57.02,3093.08,314698.0,11,12.07
1237,2019-11-11,8721.54,6583.21,1474.2,57.02,3087.01,306163.0,11,12.69
1238,2019-11-12,8810.0,5998.48,1470.7,56.67,3091.84,301382.0,11,12.68
1239,2019-11-13,8758.34,4486.28,1480.4,56.88,3094.04,301382.0,11,13.0
1240,2019-11-14,8630.0,5518.64,1490.5,56.57,3096.63,301382.0,11,13.05
1241,2019-11-15,8457.48,10124.29,1485.7,57.54,3120.46,325145.0,11,12.05
1242,2019-11-18,8168.84,8968.58,1489.2,56.82,3122.03,304671.0,11,12.46
1243,2019-11-19,8123.36,7242.41,1491.7,54.93,3120.18,304671.0,11,12.86
1244,2019-11-20,8082.96,5263.35,1491.5,56.71,3108.46,304671.0,11,12.78
1245,2019-11-21,7616.46,14309.17,1481.1,58.36,3103.54,323954.0,11,13.13
1246,2019-11-22,7283.03,31414.77,1481.2,57.68,3110.29,323954.0,11,12.34
1247,2019-11-25,7127.01,26339.93,1474.7,57.79,3133.64,267368.0,11,11.87
1248,2019-11-26,7162.67,11809.08,1477.8,58.25,3140.52,267368.0,11,11.54
1249,2019-11-27,7523.72,18089.43,1471.1,58.12,3153.63,317597.0,11,11.75
1250,2019-11-29,7760.0,10652.57,1483.2,58.12,3140.98,317597.0,11,12.62
1251,2019-12-02,7305.01,6890.2,1479.4,55.97,3113.87,277458.0,10,14.91
1252,2019-12-03,7302.94,6168.78,1494.8,56.15,3093.2,336512.0,10,15.96
1253,2019-12-04,7198.99,14751.65,1490.6,58.46,3112.76,336512.0,10,14.8
1254,2019-12-05,7393.54,9110.78,1493.6,58.42,3117.43,336512.0,10,14.52
1255,2019-12-06,7540.08,8964.77,1475.8,59.2,3145.91,315386.0,10,13.62
1256,2019-12-09,7337.51,9490.09,1475.6,58.99,3135.96,313629.0,10,15.86
1257,2019-12-10,7219.37,7008.73,1478.8,59.22,3132.52,313629.0,10,15.68
1258,2019-12-11,7201.23,5816.41,1485.8,58.74,3141.63,313629.0,10,14.99
1259,2019-12-12,7185.91,8153.47,1483.1,59.18,3168.57,311795.0,10,13.94
1260,2019-12-13,7249.9,6038.75,1492.3,60.11,3168.8,311795.0,10,12.63
1261,2019-12-16,6877.03,11416.24,1491.6,60.21,3191.45,263441.0,10,12.14
1262,2019-12-17,6616.62,13218.82,1491.9,60.88,3192.52,263441.0,10,12.29
1263,2019-12-18,7285.53,21114.56,1489.9,60.93,3191.14,314249.0,10,12.58
1264,2019-12-19,7149.12,10425.96,1495.5,61.3,3205.37,314249.0,10,12.5
1265,2019-12-20,7190.0,6019.75,1492.0,60.43,3221.22,314249.0,10,12.51
1266,2019-12-23,7310.79,14577.19,1499.9,60.51,3224.01,311118.0,10,12.61
1267,2019-12-24,7255.01,7730.62,1516.0,61.17,3223.38,290436.0,10,12.67
1268,2019-12-26,7194.13,7488.78,1525.7,61.72,3239.91,290436.0,10,12.65
1269,2019-12-27,7245.83,8398.22,1529.7,61.76,3240.02,322204.0,10,13.43
1270,2019-12-30,7218.0,7343.62,1530.3,61.66,3221.29,324497.0,10,14.82
1271,2019-12-31,7165.72,6755.97,1535.1,61.14,3230.78,324497.0,10,13.78
1272,2020-01-02,6945.02,7645.56,1540.1,61.17,3257.85,295567.0,13,12.47
1273,2020-01-03,7334.45,13605.13,1564.5,63.0,3234.85,295567.0,13,14.02
1274,2020-01-06,7764.63,11426.17,1580.9,63.27,3246.28,287779.0,13,13.85
1275,2020-01-07,8158.52,19215.66,1586.3,62.7,3237.18,287779.0,13,13.79
1276,2020-01-08,8045.51,23470.24,1572.3,59.65,3253.05,318019.0,13,13.45
1277,2020-01-09,7813.78,9300.17,1566.4,59.56,3274.7,318019.0,13,12.54
1278,2020-01-10,8198.09,13367.2,1572.1,59.02,3265.35,318019.0,13,12.56
1279,2020-01-13,8104.5,6678.03,1562.7,58.17,3288.13,309070.0,13,12.32
1280,2020-01-14,8815.69,26326.67,1556.5,58.34,3283.15,346953.0,13,12.39
1281,2020-01-15,8808.81,14653.58,1565.6,57.86,3289.29,346953.0,13,12.42
1282,2020-01-16,8714.76,9215.42,1562.2,58.52,3316.81,346953.0,13,12.32
1283,2020-01-17,8899.42,15260.04,1572.3,58.55,3329.62,323992.0,13,12.1
1284,2020-01-21,8722.03,7130.48,1569.9,58.25,3320.79,313661.0,13,12.85
1285,2020-01-22,8660.38,5339.98,1568.7,56.76,3321.75,313661.0,13,12.91
1286,2020-01-23,8385.22,11982.41,1577.3,55.51,3325.54,329918.0,13,12.98
1287,2020-01-24,8427.26,8619.14,1583.9,54.09,3295.47,329918.0,13,14.56
1288,2020-01-27,8895.96,9424.43,1589.5,53.09,3243.63,261247.0,13,18.23
1289,2020-01-28,9394.5,16365.39,1581.7,53.33,3276.24,261247.0,13,16.28
1290,2020-01-29,9288.44,12035.69,1582.0,53.29,3273.4,340562.0,13,16.39
1291,2020-01-30,9503.08,11818.13,1595.1,52.19,3283.66,340562.0,13,15.49
1292,2020-01-31,9334.98,9435.38,1593.8,51.58,3225.52,340562.0,13,18.84
1293,2020-02-03,9280.49,10892.3,1588.3,50.06,3248.92,303724.0,14,17.97
1294,2020-02-04,9164.33,7949.7,1561.4,49.59,3297.59,309190.0,14,16.05
1295,2020-02-05,9613.82,12951.51,1568.7,50.87,3334.69,309190.0,14,15.15
1296,2020-02-06,9763.01,12615.0,1575.8,50.94,3345.78,309190.0,14,14.96
1297,2020-02-07,9808.05,8456.27,1579.2,50.34,3327.71,334938.0,14,15.47
1298,2020-02-10,9851.78,12660.26,1585.4,49.59,3352.09,298104.0,14,15.04
1299,2020-02-11,10270.01,16160.17,1575.9,50.0,3357.75,298104.0,14,15.18
1300,2020-02-12,10351.13,13601.13,1577.3,51.13,3379.45,298104.0,14,13.74
1301,2020-02-13,10236.49,15985.79,1584.5,51.41,3373.94,340081.0,14,14.15
1302,2020-02-14,10371.33,8025.16,1591.9,52.03,3380.16,340081.0,14,13.68
1303,2020-02-18,10188.04,11353.51,1609.3,52.1,3370.29,292236.0,14,14.83
1304,2020-02-19,9600.08,14806.0,1617.5,53.31,3386.15,334805.0,14,14.38
1305,2020-02-20,9610.05,12023.23,1626.2,53.77,3373.23,334805.0,14,15.56
1306,2020-02-21,9695.66,6775.66,1654.6,53.36,3337.75,334805.0,14,17.08
1307,2020-02-24,9660.0,10615.94,1682.4,51.36,3225.89,304597.0,14,25.03
1308,2020-02-25,9305.0,8965.56,1655.8,49.78,3128.21,334593.0,14,27.85
1309,2020-02-26,8778.3,19723.02,1648.9,48.67,3116.39,334593.0,14,27.56
1310,2020-02-27,8812.49,14584.29,1648.2,47.17,2978.76,334593.0,14,39.16
1311,2020-02-28,8708.89,13228.54,1571.8,44.83,2954.22,368590.0,14,40.11
1312,2020-03-02,8915.0,10216.69,1599.5,46.78,3090.23,342821.0,19,33.42
1313,2020-03-03,8757.84,8815.55,1648.9,47.27,3003.37,342821.0,19,36.82
1314,2020-03-04,8760.66,5681.87,1647.2,46.78,3130.12,342821.0,19,31.99
1315,2020-03-05,9070.17,9805.85,1672.0,45.9,3023.94,349529.0,19,39.62
1316,2020-03-06,9158.51,6422.13,1676.1,41.14,2972.37,349529.0,19,41.94
1317,2020-03-09,7934.52,24964.13,1678.6,31.05,2746.56,302694.0,19,54.46
1318,2020-03-10,7894.68,16533.72,1663.3,34.47,2882.23,302694.0,19,47.3
1319,2020-03-11,7938.05,13293.92,1645.4,33.13,2741.38,287492.0,19,53.9
1320,2020-03-12,4857.1,98037.07,1593.2,31.56,2480.64,287492.0,19,75.47
1321,2020-03-13,5637.6,117495.29,1519.5,31.72,2711.02,287492.0,19,57.83
1322,2020-03-16,5037.61,75500.9,1488.6,28.96,2386.13,279828.0,19,82.69
1323,2020-03-17,5331.71,43433.32,1528.1,26.96,2529.19,278326.0,19,75.91
1324,2020-03-18,5413.64,35777.32,1480.6,20.48,2398.1,278326.0,19,76.45
1325,2020-03-19,6186.26,51871.73,1482.3,25.09,2409.39,278326.0,19,72.0
1326,2020-03-20,6206.1,50978.38,1488.1,19.48,2304.92,284594.0,19,66.04
1327,2020-03-23,6490.63,40236.51,1572.7,23.33,2237.4,259816.0,19,61.59
1328,2020-03-24,6766.64,39480.7,1663.3,21.03,2447.33,259816.0,19,61.67
1329,2020-03-25,6690.96,30099.97,1634.3,20.75,2475.56,259816.0,19,63.95
1330,2020-03-26,6758.18,16824.91,1660.3,16.6,2630.07,292828.0,19,61.0
1331,2020-03-27,6372.36,19342.26,1654.1,15.48,2541.47,292828.0,19,65.54
1332,2020-03-30,6406.4,22757.77,1643.2,14.1,2626.65,232820.0,19,57.08
1333,2020-03-31,6424.35,11772.78,1596.6,20.51,2584.59,232820.0,19,53.54
1334,2020-04-01,6666.11,17277.04,1591.4,20.28,2470.5,281855.0,16,57.06
1335,2020-04-02,6804.52,26695.18,1637.7,25.18,2526.9,281855.0,16,50.91
1336,2020-04-03,6741.99,14565.52,1645.7,28.36,2488.65,281855.0,16,46.8
1337,2020-04-06,7341.56,26701.38,1693.9,26.21,2663.68,253274.0,16,45.24
1338,2020-04-07,7200.01,22182.73,1683.7,23.54,2659.41,312770.0,16,46.7
1339,2020-04-08,7370.11,15236.66,1684.3,24.97,2749.98,312770.0,16,43.35
1340,2020-04-09,7293.24,12106.0,1752.8,22.9,2789.82,312770.0,16,41.67
1341,2020-04-13,6861.21,20044.97,1761.4,22.36,2761.63,288113.0,16,41.17
1342,2020-04-14,6877.37,12763.77,1768.9,20.15,2846.06,288113.0,16,37.76
1343,2020-04-15,6624.12,14391.16,1740.2,19.96,2783.36,288113.0,16,40.84
1344,2020-04-16,7112.64,26737.11,1731.7,19.82,2799.55,322903.0,16,40.11
1345,2020-04-17,7037.46,13438.45,1698.8,18.31,2874.56,322903.0,16,38.15
1346,2020-04-20,6838.19,17338.74,1711.2,-36.98,2823.16,251984.0,16,43.83
1347,2020-04-21,6853.68,14391.36,1687.8,8.91,2736.56,251984.0,16,45.41
1348,2020-04-22,7136.84,13050.92,1738.3,13.64,2799.31,278755.0,16,41.98
1349,2020-04-23,7488.83,19291.52,1745.4,15.06,2797.8,278755.0,16,41.38
1350,2020-04-24,7514.64,13339.81,1735.6,15.99,2836.74,278755.0,16,35.93
1351,2020-04-27,7789.77,14852.08,1723.8,12.17,2878.48,280805.0,16,33.29
1352,2020-04-28,7755.01,10982.39,1722.2,12.4,2863.39,323475.0,16,33.57
1353,2020-04-29,8793.75,44175.18,1713.4,15.04,2939.51,323475.0,16,31.23
1354,2020-04-30,8624.28,41170.87,1694.2,19.23,2912.43,323475.0,16,34.15
1355,2020-05-01,8829.42,21274.62,1700.9,19.72,2830.71,340574.0,19,37.19
1356,2020-05-04,8883.53,17935.43,1713.3,20.47,2842.74,326098.0,19,35.97
1357,2020-05-05,9028.79,15964.71,1710.6,24.56,2868.44,326098.0,19,33.61
1358,2020-05-06,9155.79,26268.77,1688.5,23.88,2848.42,326098.0,19,34.12
1359,2020-05-07,10004.77,35864.45,1725.8,23.68,2881.19,341986.0,19,31.44
1360,2020-05-08,9810.0,25608.21,1713.9,24.73,2929.8,341986.0,19,27.98
1361,2020-05-11,8572.4,36356.85,1698.0,24.02,2930.19,286789.0,19,27.57
1362,2020-05-12,8821.42,19825.54,1706.8,24.02,2870.12,286789.0,19,33.04
1363,2020-05-13,9321.26,20859.19,1716.4,24.02,2820.0,296796.0,19,35.28
1364,2020-05-14,9441.08,4622.3,1736.35,24.02,2852.5,296796.0,19,32.61
